visit_Cnt,buy_Cnt,total_Revenue
1,1,39.59
3,1,46.79
2,1,316.62
1,1,45.97
1,1,80.0
1,1,98.96
2,1,22.19
1,1,17.99
2,1,9.99
1,1,20.13
2,1,155.98
2,1,10.98
8,1,63.96
16,1,15.47
6,1,23.3
5,1,80.99
1,1,26.98
8,2,491.54999999999995
3,1,66.5
3,1,76.78
1,1,24.47
4,1,21.99
6,1,147.0
4,1,37.59
2,1,68.99
1,1,11.48
3,1,50.78
1,1,19.99
5,2,154.76
2,1,42.38
1,1,22.19
1,1,41.59
5,1,18.59
1,1,42.97
1,1,23.99
3,1,7.39
1,1,25.99
4,1,142.27
2,1,64.99
8,3,140.51
1,1,48.35
4,1,5.5
1,1,38.59
3,1,32.16
6,2,126.97999999999999
2,1,18.99
1,1,71.99
2,1,13.46
8,2,96.37
3,1,69.22
2,1,99.15
3,1,5.77
2,1,92.92
3,1,1917.0
3,1,43.96
1,1,34.99
1,1,35.95
1,1,46.98
6,1,32.44
2,1,180.99
4,1,243.75
1,1,33.76
2,1,319.36
2,1,32.55
2,1,14.39
5,1,298.07
3,1,17.68
2,1,51.93
9,1,94.56
2,1,64.17
5,1,1105.0
7,1,92.31
12,1,109.78
1,1,36.49
4,2,897.95
2,1,1286.0
1,1,70.84
9,1,30.56
2,1,14.99
3,1,423.11
4,1,23.19
1,1,24.99
2,1,183.36
1,1,146.5
1,1,28.99
3,1,61.84
2,1,31.49
2,1,10.98
3,1,471.87
5,1,2115.8
7,1,33.98
1,1,379.36
2,1,133.74
1,1,26.79
2,1,249.78
1,1,36.98
4,2,132.46
1,1,64.15
3,1,29.49
4,1,39.39
6,1,117.38
4,1,44.52
3,1,24.99
1,1,23.99
2,1,23.97
1,1,50.28
2,1,50.98
2,1,60.75
2,1,29.58
4,1,77.44
3,2,102.84
2,1,47.59
1,1,43.6
5,1,152.89
7,1,248.96
9,3,287.72
1,1,32.18
1,1,88.92
1,1,160.09
6,1,29.78
1,1,13.4
4,1,385.12
2,1,229.95
2,1,91.99
1,1,48.99
3,1,45.98
1,1,59.97
2,1,67.97
2,1,36.98
4,2,191.31
2,1,1688.72
1,1,20.59
1,1,59.99
4,1,29.56
1,1,268.96
1,1,23.31
4,1,61.99
1,1,41.98
3,1,13.96
2,1,49.79
1,1,40.56
8,1,251.54
1,1,125.63
1,1,33.19
3,1,72.15
1,1,48.97
6,1,42.95
3,1,63.78
1,1,27.99
2,1,151.97
4,1,728.38
1,1,24.99
3,1,88.19
2,1,38.98
3,1,33.9
1,1,7.99
3,1,63.96
1,1,130.47
1,1,24.99
2,1,21.99
7,1,1659.7
2,1,220.7
2,1,326.25
6,1,247.0
1,1,44.15
4,1,563.5
3,1,25.59
2,1,196.1
2,1,50.99
8,2,391.18
6,1,137.13
1,1,36.98
3,1,97.55
4,1,17.99
6,1,42.17
3,1,16.43
3,1,65.77
3,1,211.68
7,1,502.03
1,1,28.17
3,1,31.39
1,1,16.97
2,1,99.97
5,1,34.98
6,1,154.87
1,1,26.59
13,1,20.46
3,1,62.87
1,1,13.99
2,1,52.37
4,1,21.42
4,3,162.62
2,1,39.38
2,1,16.98
3,1,89.98
3,1,42.18
4,1,23.97
3,1,627.75
3,1,25.97
2,1,37.17
4,2,65.95
7,1,487.6
2,1,31.15
2,1,55.37
2,1,91.58
2,1,162.91
1,1,139.85
5,1,369.66
11,3,1925.96
1,1,63.97
3,2,148.51
2,1,23.99
6,3,399.55
2,1,31.92
5,1,208.55
3,1,7.98
5,1,19.79
4,1,36.26
4,1,18.39
1,1,24.5
1,1,41.98
1,1,55.1
5,1,42.62
1,1,21.31
7,1,65.99
4,1,33.97
8,2,158.97
8,2,7056.15
1,1,35.91
3,1,34.54
4,1,475.75
3,2,43.57
9,2,377.66999999999996
2,1,46.98
2,1,62.52
18,1,55.74
6,1,81.71
2,1,39.16
7,1,127.96
3,1,346.62
5,1,117.32
2,1,19.18
1,1,173.27
2,1,31.93
1,1,24.19
1,1,83.81
1,1,72.36
5,1,93.99
4,1,44.48
14,1,39.37
3,1,49.29
1,1,86.34
5,1,93.87
4,1,23.39
5,1,26.82
2,1,108.14
1,1,47.95
3,1,244.14
1,1,28.98
1,1,74.19
4,2,3531.12
5,1,39.98
1,1,14.97
4,1,37.59
1,1,14.98
1,1,21.62
2,1,21.19
3,1,42.98
2,1,83.64
4,2,1162.99
2,1,80.9
4,1,73.18
1,1,35.19
8,1,39.98
1,1,40.79
3,1,53.37
2,1,82.63
2,1,29.99
5,1,2369.5
3,1,71.98
2,1,33.62
7,1,1634.6
1,1,97.02
8,1,65.58
5,1,29.48
11,2,479.28
2,1,34.78
1,1,17.99
4,1,36.0
1,1,31.98
22,2,302.58
1,1,44.11
2,2,48.36
4,1,124.16
9,1,89.22
1,1,61.93
1,1,78.92
2,1,72.94
1,1,51.97
6,1,36.59
1,1,77.99
1,1,18.59
2,1,74.87
3,1,18.87
2,1,1960.55
2,1,19.99
1,1,35.95
2,1,24.33
11,1,117.98
5,2,758.6700000000001
2,1,24.27
6,1,173.72
2,1,2217.4
2,1,283.7
2,1,30.6
2,1,16.98
2,1,385.94
9,1,28.98
5,1,10.96
3,1,118.15
2,1,87.8
1,1,29.98
1,1,6.98
1,1,20.99
6,1,78.16
9,5,4027.21
5,1,31.5
1,1,22.19
2,1,89.99
6,2,124.47999999999999
3,1,46.48
1,1,22.99
2,1,895.22
1,1,196.98
3,1,46.98
1,1,79.43
9,1,330.24
2,1,40.49
2,1,356.11
2,1,72.85
3,1,31.93
3,1,231.16
1,1,103.77
1,1,271.7
4,3,109.15
3,1,85.35
1,1,27.19
7,1,65.37
1,1,35.99
1,1,19.99
7,1,21.09
28,3,261.19
2,1,186.58
5,2,286.03
3,1,36.98
5,1,47.4
4,1,2.04
6,1,24.28
1,1,14.98
1,1,121.5
2,1,99.97
2,1,72.55
6,1,68.95
2,1,22.99
2,1,85.77
1,1,77.95
1,1,71.53
3,1,78.98
1,1,19.99
2,1,43.59
1,1,1606.2
1,1,55.98
2,1,218.6
1,1,35.49
3,1,29.98
3,2,742.3800000000001
11,1,23.99
2,1,86.92
1,1,63.99
1,1,10.99
1,1,8.99
1,1,447.75
4,1,46.72
1,1,117.11
1,1,45.99
4,1,72.47
9,3,1927.42
2,1,299.17
6,1,96.92
12,2,1355.9099999999999
2,1,75.91
1,1,13.38
2,1,17.99
15,2,340.63
13,2,468.19000000000005
7,1,47.79
1,1,381.65
5,1,89.95
2,1,463.55
2,1,22.37
7,1,15.67
4,1,52.43
1,1,29.97
2,1,23.99
7,1,61.99
1,1,146.33
7,2,155.95
1,1,47.72
4,1,19.9
3,2,202.13
12,1,59.99
1,1,110.12
2,1,52.94
8,1,127.98
2,1,36.99
2,1,64.97
1,1,23.19
2,1,13.99
2,1,3.5
4,1,223.89
3,1,27.19
2,1,24.1
2,1,19.38
1,1,34.58
4,1,55.17
2,1,47.98
1,1,44.97
2,1,32.82
3,1,12.99
1,1,64.03
19,4,205.68
3,1,161.52
7,2,538.6
2,1,20.49
3,2,161.96
1,1,12.97
2,1,148.8
1,1,15.99
2,1,52.98
3,1,50.77
1,1,227.8
1,1,26.98
1,1,79.96
1,1,47.53
5,1,271.7
2,1,19.15
2,1,203.35
1,1,16.59
2,1,97.36
2,1,339.75
7,2,228.28
5,2,170.76999999999998
1,1,16.98
6,1,76.89
3,1,21.59
6,1,29.25
5,1,24.14
2,1,78.96
2,1,32.98
8,1,113.04
6,1,34.59
8,2,381.05
3,1,27.9
1,1,17.99
2,1,95.97
3,1,79.97
2,1,42.95
2,1,21.99
1,1,22.99
6,1,80.99
3,1,9.86
1,1,26.99
1,1,17.29
1,1,24.99
1,1,79.74
1,1,18.59
4,1,225.96
1,1,19.19
5,2,1100.8400000000001
2,1,113.37
1,1,35.28
3,1,67.96
4,1,17.99
1,1,680.05
2,1,227.6
9,2,4152.79
2,1,33.42
1,1,501.56
1,1,42.35
3,1,87.19
1,1,21.19
3,1,40.59
1,1,30.97
1,1,39.98
5,1,42.33
4,1,40.59
9,1,18.96
3,1,49.78
2,1,73.24
6,1,36.78
2,1,64.99
1,1,88.98
2,1,42.97
1,1,43.99
3,2,102.42
3,1,69.98
2,1,606.95
2,1,112.27
8,1,157.9
4,1,6.2
1,1,28.18
2,1,8.5
10,1,29.42
3,1,71.22
10,5,1350.5700000000002
1,1,42.59
6,1,40.21
8,4,858.28
2,1,29.8
2,1,132.96
1,1,850.94
6,1,127.77
1,1,40.76
2,1,87.97
4,1,19.99
8,1,28.84
4,1,22.59
5,1,175.83
3,2,77.45
1,1,39.61
2,1,26.98
16,5,4357.66
4,1,8.97
1,1,48.91
4,1,20.49
8,2,52.97
7,1,22.99
1,1,52.29
4,2,50.18
1,1,39.38
4,1,18.59
2,1,31.99
3,1,43.19
4,1,15.2
2,1,44.57
4,1,33.78
1,1,57.77
4,1,53.58
1,1,52.79
6,1,198.13
132,1,19.98
4,1,56.99
4,1,113.16
1,1,45.17
1,1,49.97
5,1,39.98
1,1,23.64
3,1,142.58
1,1,21.95
1,1,164.0
1,1,69.2
3,1,123.0
20,1,24.98
11,1,122.97
3,1,50.79
2,1,36.98
8,1,30.99
3,1,88.99
3,2,71.72
7,1,26.98
5,1,13.98
1,1,46.85
2,1,64.97
4,1,31.62
4,1,20.99
2,1,167.15
5,1,35.28
3,1,91.37
2,1,66.96
2,1,43.95
3,1,57.37
1,1,28.98
4,1,93.76
1,1,27.99
2,1,78.11
1,1,45.47
1,1,31.49
1,1,167.5
2,1,106.48
1,1,36.19
1,1,46.12
5,1,87.99
5,1,56.96
1,1,238.92
8,1,35.98
5,1,608.87
8,2,1084.79
2,1,91.96
1,1,86.96
1,1,25.99
1,1,27.99
5,1,74.48
2,1,28.98
2,1,16.79
1,1,110.69
1,1,45.98
7,1,77.43
2,1,56.28
1,1,26.9
3,1,118.96
1,1,64.97
4,1,42.98
3,1,114.8
2,1,79.22
1,1,102.3
3,2,96.35
6,1,101.89
3,1,66.98
10,1,112.91
1,1,47.99
9,1,83.18
4,1,110.98
1,1,17.59
4,1,125.5
17,1,73.6
1,1,57.97
3,1,67.07
3,1,98.98
1,1,61.92
2,1,37.19
1,1,193.89
3,1,43.57
1,1,7.99
1,1,13.98
2,1,12.99
7,3,219.25
4,1,22.99
8,2,236.25
9,1,116.93
5,1,111.78
4,1,109.97
3,1,35.19
1,1,21.99
4,1,40.99
4,1,16.59
10,1,60.07
3,1,110.86
2,1,36.42
13,3,486.65
1,1,27.99
2,1,2774.11
1,1,69.45
5,1,592.58
1,1,61.94
1,1,7.98
3,1,53.34
5,2,409.34000000000003
4,1,28.99
2,1,26.25
1,1,19.19
2,1,49.48
3,1,61.97
1,1,186.73
1,1,79.33
2,1,60.17
1,1,49.79
1,1,19.99
1,1,14.0
1,1,100.81
2,1,17.69
2,1,19.99
1,1,79.97
7,1,39.56
3,1,50.61
1,1,33.98
4,1,57.16
1,1,74.7
1,1,22.59
4,1,44.99
2,1,436.5
1,1,45.96
3,1,81.98
3,1,70.84
4,1,123.2
7,1,64.99
6,1,32.51
1,1,45.97
1,1,311.32
5,1,122.0
2,1,30.78
1,1,51.71
20,1,301.31
1,1,47.57
3,1,123.99
1,1,137.36
5,1,34.78
3,1,73.18
1,1,46.59
1,1,37.19
3,1,66.99
1,1,20.98
2,1,56.99
2,1,148.82
6,1,42.85
3,1,45.48
1,1,235.24
1,1,306.7
1,1,52.99
3,1,16.79
12,1,83.85
2,1,118.49
5,1,63.43
3,2,106.11
3,1,18.99
5,2,122.78
5,1,78.19
2,1,34.27
19,2,130.53
1,1,80.46
3,1,21.99
2,1,182.96
10,1,71.15
4,1,48.59
1,1,164.93
2,2,105.47
1,1,466.44
3,1,36.04
3,1,751.08
3,1,53.87
1,1,37.08
6,1,33.97
1,1,14.96
2,1,24.59
2,2,287.03999999999996
4,1,95.95
9,3,519.86
1,1,108.05
3,1,51.02
1,1,215.87
2,1,23.99
1,1,21.99
11,1,43.38
3,1,26.99
4,1,55.17
2,1,47.34
3,1,462.4
28,3,171.53
4,1,71.19
1,1,68.19
2,1,35.99
1,1,44.98
2,1,50.79
1,1,327.04
3,1,59.87
6,1,27.98
1,1,74.94
1,1,35.37
1,1,16.29
2,1,13.98
8,1,382.88
4,1,193.44
2,1,5.99
2,1,119.77
2,1,32.78
3,1,36.45
5,1,142.54
2,1,106.94
8,1,47.0
2,1,26.96
11,1,109.57
8,2,1538.1
1,1,46.21
6,1,103.94
9,1,60.94
2,1,19.99
1,1,613.6
2,1,169.7
11,1,55.54
2,1,39.25
11,3,179.41
2,1,34.68
3,1,98.41
2,1,55.61
1,1,99.04
6,1,19.98
2,1,24.98
2,1,125.8
3,1,20.19
1,1,48.99
2,1,282.25
2,1,96.42
1,1,131.98
6,1,60.16
16,7,4353.8099999999995
1,1,69.17
6,1,11.78
1,1,25.99
5,1,27.49
3,1,25.77
2,1,29.99
10,2,329.09999999999997
2,1,1229.02
2,1,30.99
2,1,32.99
5,1,75.78
3,1,21.45
1,1,34.49
2,1,34.39
1,1,21.99
2,1,20.19
11,1,928.94
2,1,159.7
1,1,19.95
1,1,35.98
17,1,11.99
4,1,23.99
4,1,114.9
1,1,28.19
2,1,24.99
3,1,23.99
26,1,79.0
1,1,134.94
1,1,28.16
2,1,1254.85
8,2,163.91
3,1,692.81
1,1,23.99
1,1,181.16
4,1,57.97
2,1,168.5
6,1,291.35
3,1,32.98
1,1,15.59
2,1,20.99
1,1,7.59
6,2,219.96
2,1,53.66
2,1,36.14
1,1,23.99
2,1,31.94
4,1,47.49
2,1,34.0
1,1,907.5
3,1,14.59
2,1,18.98
3,1,55.97
3,1,25.99
3,1,32.98
1,1,63.96
3,1,51.72
8,2,63.97
3,1,69.07
1,1,19.63
9,3,411.82
5,1,128.98
1,1,53.96
2,1,24.58
1,1,27.59
1,1,100.77
2,1,340.7
1,1,30.29
12,4,267.68
3,1,121.52
1,1,37.83
1,1,13.99
3,1,138.92
4,1,58.91
1,1,44.99
2,1,40.98
11,1,90.99
1,1,33.99
2,1,115.98
2,1,34.19
9,1,40.98
1,1,59.38
1,1,53.8
1,1,122.98
1,1,92.99
10,1,36.78
1,1,17.39
8,1,14.99
13,2,913.13
5,1,35.95
5,1,104.96
1,1,53.38
1,1,36.39
2,1,16.29
1,1,28.98
1,1,97.78
2,1,68.59
3,1,19.29
19,3,3298.5699999999997
2,1,146.99
4,2,708.63
1,1,90.58
2,1,36.73
1,1,43.98
2,1,67.98
4,1,7.98
1,1,705.8
3,2,217.91
2,1,5.59
1,1,92.92
2,1,31.38
15,3,425.03999999999996
1,1,59.98
6,1,83.58
1,1,73.96
3,1,100.94
1,1,286.0
4,1,38.78
6,1,1140.35
4,1,392.65
1,1,80.9
3,1,38.98
2,1,37.98
2,1,50.43
8,1,185.66
1,1,41.59
4,1,363.39
2,1,91.98
1,1,65.45
2,1,403.06
4,1,18.99
4,1,281.1
1,1,36.98
1,1,23.99
8,2,3104.24
1,1,17.49
1,1,186.66
2,1,104.99
5,1,28.19
1,1,65.99
1,1,37.77
3,1,51.79
4,1,18.11
1,1,15.17
1,1,74.57
1,1,7.99
7,1,34.98
6,1,35.99
1,1,36.07
1,1,33.98
4,1,67.96
2,1,267.7
1,1,189.21
2,1,19.99
13,1,155.98
4,1,21.93
2,1,29.97
1,1,48.99
2,1,21.99
1,1,34.5
2,1,29.19
1,1,23.19
2,1,35.97
3,1,42.0
3,2,130.94
2,1,394.86
1,1,62.95
1,1,59.35
1,1,55.38
4,2,252.95999999999998
1,1,62.17
7,1,60.99
1,1,67.37
3,1,327.66
2,2,85.55000000000001
1,1,9.99
2,1,14.59
3,1,24.99
1,1,116.31
3,1,23.19
4,2,402.24
1,1,34.18
1,1,7.5
1,1,37.59
3,1,28.99
1,1,35.78
8,2,950.47
2,1,35.78
1,1,10.79
2,1,37.99
5,1,38.98
3,1,112.41
2,1,74.77
8,1,724.82
3,2,115.11000000000001
3,1,19.59
1,1,40.18
3,1,54.0
6,1,37.76
2,1,208.18
3,1,68.45
1,1,95.47
3,1,40.59
2,1,40.59
9,2,248.78000000000003
4,1,18.59
1,1,60.11
2,1,156.7
2,1,37.59
2,1,175.95
4,1,87.99
7,1,417.02
3,1,170.56
3,1,48.8
1,1,35.99
4,1,50.79
3,1,32.99
3,1,18.99
1,1,196.68
1,1,11.98
3,1,164.15
6,1,57.0
3,1,53.37
3,1,78.96
9,1,10.57
15,1,25.99
1,1,51.37
1,1,110.11
1,1,58.8
3,1,25.99
1,1,145.92
12,1,93.49
1,1,49.18
5,2,110.33
1,1,17.99
3,1,20.96
4,1,377.9
6,1,14.99
1,1,368.0
6,2,2124.15
2,1,14.98
2,1,48.77
2,1,16.78
3,1,80.95
1,1,117.47
1,1,28.66
4,2,535.22
1,1,70.98
2,1,29.49
2,1,28.75
1,1,28.22
5,2,8397.32
5,1,29.18
3,1,22.19
3,1,484.82
1,1,106.48
4,1,35.09
3,2,192.96
2,1,14.0
1,1,132.97
6,1,12.98
3,1,165.68
5,2,87.33000000000001
4,1,28.18
1,1,109.14
3,1,38.98
1,1,48.25
3,1,63.99
2,1,27.38
3,1,25.99
3,1,59.85
3,1,28.98
1,1,28.96
1,1,42.95
5,2,60.81
1,1,30.99
1,1,44.99
4,1,28.19
1,1,54.57
2,1,85.26
2,1,28.7
5,1,35.97
1,1,34.98
6,1,123.94
3,1,9.99
1,1,43.38
3,1,68.78
2,1,278.7
3,2,125.88
1,1,69.77
1,1,18.39
1,1,5.59
2,1,118.26
1,1,21.95
3,1,10.98
2,1,63.18
3,1,29.99
3,1,81.98
5,1,53.77
2,1,160.34
1,1,38.98
5,3,262.96
4,1,88.99
1,1,55.38
2,1,89.99
3,1,21.99
8,2,152.36
2,1,18.08
1,1,16.29
1,1,41.78
9,1,78.61
3,1,23.99
2,1,79.77
1,1,82.19
2,1,55.37
2,1,172.65
1,1,64.59
1,1,25.99
1,1,82.96
5,1,72.18
9,1,171.97
2,2,1032.33
3,1,63.48
1,1,109.86
8,2,100.51
1,1,24.99
2,1,58.99
1,1,18.99
3,1,49.98
2,1,42.19
3,1,106.97
1,1,12.7
6,2,186.32
7,1,34.5
1,1,534.82
2,1,240.34
4,1,43.01
5,1,38.91
3,1,64.1
1,1,354.6
44,1,16.99
4,1,47.97
9,1,18.99
5,1,95.62
2,2,6007.32
1,1,34.37
1,1,26.59
2,1,40.59
2,1,46.79
1,1,79.44
3,1,1100.0
5,1,48.79
2,1,124.38
1,1,19.99
4,1,95.05
1,1,45.55
1,1,79.98
2,1,26.98
1,1,20.19
1,1,83.38
4,1,102.99
3,1,107.0
2,1,61.99
2,1,29.3
1,1,39.98
3,1,287.82
1,1,16.59
1,1,25.19
2,1,23.99
2,1,120.96
1,1,7.97
1,1,85.95
2,2,119.37
3,1,52.99
2,1,35.59
3,1,111.02
2,1,58.14
3,1,9.18
1,1,29.95
1,1,41.77
2,1,47.48
1,1,37.59
21,2,74.62
1,1,43.99
1,1,20.99
2,1,31.99
4,2,415.05
2,1,28.99
2,1,99.34
4,1,61.97
5,3,142.93
1,1,49.0
2,1,49.6
4,2,367.3
4,1,283.09
1,1,24.99
4,1,167.14
6,3,147.95
5,1,10.99
8,3,2119.9
1,1,81.78
1,1,56.96
2,1,53.99
3,1,20.19
3,1,21.99
5,2,74.17
1,1,620.15
3,1,127.46
2,1,107.99
1,1,24.19
3,1,338.0
1,1,14.98
17,13,3573.14
3,1,94.16
8,1,149.29
2,1,137.45
1,1,63.99
7,1,280.23
3,1,44.17
8,2,649.14
3,1,30.38
1,1,17.99
2,1,35.78
6,1,166.9
5,1,8.16
1,1,38.38
3,1,115.98
3,1,15.98
2,1,51.99
7,1,3383.4
5,1,43.96
22,2,655.34
2,1,27.76
4,1,60.96
6,1,131.73
1,1,65.73
1,1,45.48
3,1,62.1
1,1,38.28
2,1,39.28
3,2,92.94999999999999
1,1,25.99
2,1,18.99
4,1,597.25
2,1,23.98
2,1,56.32
2,1,58.37
2,1,24.99
4,3,320.91
2,2,130.98
4,1,38.76
5,2,81.57
1,1,131.98
8,3,667.94
2,1,32.68
1,1,316.65
4,1,33.37
7,1,58.52
2,1,118.8
3,1,58.96
1,1,21.0
3,1,73.16
2,1,42.77
4,1,38.98
1,1,17.99
1,1,82.96
1,1,96.96
1,1,90.42
1,1,15.99
5,1,73.05
3,1,130.7
2,1,32.08
2,1,123.91
1,1,129.94
3,1,1200.5
2,1,19.99
3,1,46.57
10,2,63.96
1,1,26.99
1,1,36.73
2,1,308.12
3,1,173.97
2,1,34.98
2,1,759.45
4,1,78.13
2,2,105.78
4,1,117.05
7,1,8.23
2,1,74.96
1,1,73.28
1,1,51.37
8,2,54.98
3,1,24.97
2,1,50.62
1,1,226.67
1,1,29.98
4,1,46.57
2,1,28.38
7,1,245.79
2,1,28.78
2,1,34.36
1,1,138.85
1,1,11.99
1,1,32.19
1,1,14.99
1,1,25.99
1,1,15.99
1,1,655.1
5,2,132.16
5,2,626.77
5,1,87.64
4,1,31.19
5,1,117.98
2,1,34.98
3,1,27.38
1,1,40.98
2,2,144.49
1,1,36.99
2,1,40.98
3,1,6.98
2,1,25.19
4,1,79.74
1,1,32.39
2,1,25.49
2,1,24.99
5,1,15.97
5,1,47.79
4,1,9.79
1,1,168.36
6,2,1216.51
3,1,53.37
2,1,63.9
4,1,80.84
2,1,30.99
1,1,153.38
13,2,534.9100000000001
1,1,25.28
1,1,76.96
1,1,37.96
4,2,163.4
1,1,152.7
11,1,147.9
1,1,33.18
2,1,70.96
3,1,201.9
8,1,1513.68
3,1,34.19
7,2,134.4
1,1,22.99
3,1,69.18
9,1,62.99
1,1,302.47
2,1,33.19
1,1,49.95
5,1,94.18
6,3,228.4
8,1,108.85
1,1,56.78
2,1,18.28
7,1,96.03
1,1,46.79
3,1,387.35
1,1,184.16
1,1,245.96
5,3,516.88
2,1,1268.08
1,1,22.73
8,1,33.62
1,1,49.99
1,1,32.94
2,1,128.27
5,1,31.97
1,1,22.99
1,1,30.48
3,1,36.95
2,1,32.15
1,1,43.92
1,1,67.99
1,1,22.99
9,2,89.56
2,1,54.82
3,1,26.99
4,1,84.99
3,1,71.59
15,3,838.48
2,1,232.92
1,1,33.16
2,1,87.96
7,1,23.99
8,2,451.65
2,1,21.99
1,1,160.92
1,1,45.17
3,1,228.95
1,1,42.45
1,1,24.99
1,1,23.19
1,1,73.98
3,1,160.6
2,1,906.11
9,1,20.99
2,1,12.99
4,1,306.98
2,1,82.98
1,1,35.18
3,1,166.03
2,1,33.99
1,1,21.45
1,1,41.56
3,1,39.97
1,1,44.59
2,2,76.18
1,1,40.49
2,1,37.78
1,1,350.28
4,1,63.99
3,1,61.99
5,1,86.13
5,1,124.88
1,1,120.99
3,1,21.39
2,1,320.52
1,1,8.99
2,1,164.2
1,1,120.3
2,1,106.0
3,1,23.02
4,1,122.72
2,1,93.58
1,1,21.98
1,1,146.75
2,1,96.7
1,1,25.98
2,1,19.99
3,1,14.99
3,1,40.48
1,1,50.59
2,1,36.18
1,1,46.58
1,1,86.45
2,1,255.28
1,1,88.44
1,1,45.77
1,1,299.76
2,1,28.94
7,1,119.74
1,1,22.45
4,1,42.19
1,1,42.59
2,1,80.98
2,1,29.38
4,1,75.76
4,1,34.44
2,1,38.99
4,1,106.77
10,1,47.95
1,1,89.15
6,1,32.02
21,1,72.19
2,1,63.38
11,1,23.6
2,1,32.99
2,1,248.04
2,1,40.59
5,2,109.89999999999999
4,1,192.88
4,1,43.2
1,1,134.44
3,1,38.59
4,1,29.9
1,1,58.96
6,2,51.760000000000005
1,1,16.43
2,1,27.97
4,1,21.99
10,2,202.14
6,1,28.99
2,1,82.09
2,1,111.46
9,1,34.58
3,1,82.19
1,1,63.49
12,2,53.97
1,1,72.65
2,1,457.63
2,1,146.54
1,1,50.98
2,1,27.99
1,1,42.99
3,1,42.19
5,1,39.69
1,1,37.98
4,1,45.99
10,6,348.70000000000005
4,1,17.88
1,1,63.99
5,2,48.81
5,1,1515.0
10,2,457.0
3,1,43.89
1,1,24.99
1,1,13.89
2,1,33.97
4,2,227.18
1,1,34.59
4,1,33.99
3,1,110.93
9,1,532.89
1,1,33.48
1,1,202.95
3,1,14.18
4,1,47.79
4,2,114.41
6,2,476.42
1,1,21.99
4,1,142.97
1,1,14.63
1,1,193.88
3,1,17.99
1,1,78.33
4,1,37.18
1,1,25.99
2,1,35.35
7,1,81.19
2,1,37.59
2,1,87.49
1,1,20.99
1,1,68.39
5,4,214.51
2,1,45.39
1,1,228.24
1,1,76.18
1,1,227.03
5,1,24.99
4,1,31.49
8,3,189.95000000000002
1,1,17.98
5,1,209.59
1,1,17.19
7,1,153.52
3,1,312.19
6,1,174.98
2,1,10.55
1,1,3.99
1,1,26.99
1,1,14.99
7,1,65.94
2,1,78.47
4,1,116.16
3,1,593.62
2,1,22.99
4,1,123.12
5,1,25.99
4,1,123.95
2,1,154.97
3,1,39.7
1,1,4.98
2,1,518.7
2,1,168.96
1,1,75.96
1,1,19.39
2,1,31.36
1,1,98.94
2,1,100.01
6,1,10.99
1,1,263.74
1,1,62.44
3,1,45.99
3,1,123.93
1,1,126.6
1,1,25.27
9,1,76.18
3,1,22.19
1,1,39.98
3,1,75.19
5,1,80.96
1,1,78.96
3,1,90.49
1,1,60.43
4,1,387.75
2,1,27.99
8,1,27.19
1,1,66.9
2,2,79.16
2,1,45.79
1,1,18.48
7,1,32.18
4,1,53.99
3,1,42.58
2,1,29.98
2,1,332.31
2,1,41.78
1,1,62.16
5,1,28.78
7,1,58.99
2,1,32.19
3,1,15.99
3,1,12.96
1,1,22.99
3,1,46.99
6,1,112.17
1,1,200.36
3,1,24.99
4,1,92.29
2,1,31.98
2,1,60.67
2,1,2.99
2,1,60.99
12,2,186.97
2,1,70.77
1,1,344.66
2,1,9.99
3,1,70.75
2,1,751.93
3,1,18.99
4,2,134.75
4,1,143.89
1,1,79.46
2,1,14.48
13,2,219.88
1,1,43.69
2,1,163.5
1,1,18.59
2,2,122.77000000000001
1,1,44.35
4,1,18.76
2,2,19.57
11,1,38.46
26,1,53.79
1,1,52.0
8,1,79.97
4,2,120.98
7,1,202.54
3,1,31.98
2,1,17.19
1,1,9.49
1,1,26.28
1,1,36.7
1,1,52.58
1,1,301.27
2,1,169.86
7,3,198.32
2,1,35.78
4,1,71.92
2,1,77.41
1,1,14.19
1,1,69.14
1,1,23.19
1,1,83.99
2,1,77.4
3,1,45.98
4,1,36.59
3,1,222.97
7,1,407.6
1,1,68.97
3,1,62.99
2,1,17.99
5,1,35.73
1,1,12.99
6,1,200.14
7,1,41.99
8,1,88.19
4,1,41.98
1,1,100.62
2,1,30.6
5,1,23.19
2,1,47.54
1,1,5.99
1,1,2408.2
1,1,34.98
3,2,125.53
13,1,42.49
4,1,91.54
7,1,120.96
1,1,41.98
3,1,31.78
6,1,49.18
1,1,111.52
1,1,14.98
6,1,39.58
2,1,13.95
3,1,285.94
3,1,253.43
2,1,71.57
2,1,51.46
1,1,47.81
3,1,24.97
1,1,95.99
2,1,448.95
2,1,28.37
3,1,42.29
1,1,7.99
1,1,206.27
1,1,34.59
1,1,72.92
1,1,33.38
2,1,86.49
1,1,22.19
2,1,39.67
1,1,34.0
5,1,205.96
5,1,81.35
18,3,1159.84
3,1,25.28
2,1,100.97
2,1,20.98
2,1,13.98
2,1,61.99
2,1,21.99
2,1,107.92
1,1,63.99
2,1,52.0
2,1,345.75
7,2,519.85
8,1,378.45
2,1,337.1
2,1,36.66
2,1,305.75
6,1,548.18
1,1,61.94
3,1,20.98
1,1,10.84
3,1,62.96
3,1,60.87
1,1,25.04
6,1,192.05
3,2,83.10000000000001
2,1,352.78
23,1,69.59
5,2,267.1
2,1,98.77
13,3,674.79
2,1,47.97
2,1,20.99
1,1,161.1
2,1,26.99
6,2,391.81
11,1,20.97
1,1,76.58
2,1,217.64
1,1,35.59
1,1,21.58
1,1,232.58
3,1,63.99
10,1,36.45
1,1,50.98
1,1,60.99
1,1,44.98
3,1,50.98
4,1,40.39
3,1,78.17
1,1,23.98
1,1,32.19
2,1,62.99
5,2,242.04
1,1,46.59
5,1,25.06
3,1,49.9
12,1,602.65
1,1,49.98
9,1,41.98
1,1,5.59
1,1,61.99
1,1,81.47
2,1,31.39
2,1,124.98
22,1,36.47
1,1,6.8
1,1,72.46
2,1,19.99
2,1,16.59
2,1,29.96
4,1,43.98
3,1,168.8
2,1,253.78
5,2,153.59
10,1,105.99
7,2,123.57
4,1,11.39
2,2,288.12
5,1,168.98
1,1,19.96
1,1,20.99
4,2,240.5
4,1,17.29
1,1,21.98
5,1,109.82
2,1,39.59
2,1,662.03
5,1,36.75
3,1,28.62
8,1,69.96
1,1,42.38
1,1,23.98
1,1,35.98
1,1,150.95
2,1,44.99
1,1,164.03
3,1,33.07
2,1,39.59
5,1,109.27
4,1,34.97
2,1,26.99
6,1,423.76
1,1,31.59
4,1,1243.85
3,1,45.59
1,1,69.36
1,1,73.05
2,1,22.99
3,1,38.17
1,1,53.98
4,2,63.61
5,1,38.46
6,1,1369.86
1,1,10.99
2,1,19.99
1,1,80.96
3,1,31.19
4,1,146.8
6,1,68.99
1,1,126.88
1,1,30.18
3,1,72.39
10,1,57.0
1,1,53.57
1,1,230.51
4,1,25.99
1,1,22.78
2,1,215.54
2,1,5.09
3,1,30.99
5,1,85.8
2,1,918.52
6,1,126.84
5,1,42.41
9,1,21.99
1,1,43.07
1,1,9.99
1,1,76.99
3,1,28.48
5,1,160.06
4,1,128.7
1,1,99.1
1,1,41.49
1,1,34.51
2,1,243.88
2,1,63.98
5,1,29.99
1,1,13.31
3,1,115.72
3,1,15.98
4,1,1036.69
1,1,22.98
6,1,61.99
1,1,35.59
18,1,42.21
2,1,59.56
9,1,1589.22
2,1,82.99
1,1,44.79
3,2,62.0
1,1,1178.73
5,1,816.1
1,1,131.33
3,1,58.14
7,1,46.79
1,1,24.99
3,1,49.79
2,1,121.74
3,1,209.66
4,1,914.8
2,1,281.25
1,1,31.18
5,1,16.59
12,1,78.98
1,1,88.62
5,2,45.39
4,1,66.57
1,1,13.99
7,1,36.59
4,1,152.76
2,1,1101.0
3,1,52.79
1,1,115.98
2,1,29.97
5,1,23.99
1,1,17.99
4,1,351.12
5,1,23.59
4,1,31.19
1,1,39.18
2,1,69.18
1,1,37.59
5,2,107.53999999999999
2,2,142.41
3,1,179.15
2,1,76.46
1,1,232.44
3,1,40.95
1,1,29.18
2,1,42.38
3,1,98.87
4,2,54.260000000000005
4,1,46.87
2,1,37.49
11,2,892.27
5,2,168.33
3,1,42.98
1,1,12.98
2,1,122.88
5,1,63.99
2,1,24.19
2,2,56.67
8,2,255.56
1,1,184.94
5,1,66.99
7,1,232.1
3,1,121.94
3,1,101.77
5,1,13.79
5,1,322.8
1,1,48.79
3,1,33.49
65,6,561.6700000000001
2,1,25.49
2,2,88.57
4,1,15.69
8,1,28.48
5,1,13857.2
3,1,53.18
3,1,242.1
3,1,389.8
3,1,63.99
22,1,23.98
10,1,7.26
3,2,77.94999999999999
3,1,163.44
8,1,92.97
6,2,73.97
1,1,225.6
1,1,183.72
1,1,52.79
2,1,69.76
1,1,21.99
1,1,83.77
2,1,54.7
1,1,20.97
5,1,65.33
4,1,20.99
5,1,467.8
12,2,1772.93
1,1,49.79
2,1,98.28
2,1,310.47
1,1,11.96
1,1,58.96
1,1,17.99
3,1,176.93
3,2,2622.1
6,2,45.46
4,1,14.59
1,1,24.99
5,1,67.97
2,1,24.98
1,1,81.99
1,1,17.99
2,1,40.18
3,1,117.58
1,1,16.0
7,1,47.99
1,1,38.59
1,1,16.59
1,1,68.18
1,1,33.3
1,1,123.52
3,1,122.13
3,1,32.16
3,2,193.98
1,1,47.27
2,1,65.66
4,1,84.96
1,1,1506.5
8,2,1289.7
2,1,312.05
4,1,25.98
2,1,134.13
1,1,61.8
3,2,591.6
10,1,98.98
1,1,481.48
3,1,92.96
4,1,22.99
3,1,95.92
3,1,15.59
13,3,1612.57
2,1,27.5
1,1,13.99
1,1,22.19
1,1,105.36
7,1,106.49
3,1,26.3
6,1,51.03
2,2,195.16
2,1,92.0
6,1,35.38
1,1,81.36
3,1,19.58
5,1,56.99
7,3,97.59
2,2,43.92
2,1,34.98
2,1,73.98
1,1,9.99
1,1,78.99
6,1,16.99
3,1,11.24
4,1,120.31
2,1,78.92
1,1,25.99
4,1,246.87
3,1,86.14
12,1,54.97
5,1,19.99
3,1,22.99
2,1,48.99
2,1,55.08
3,1,57.58
5,1,337.86
4,1,266.58
7,1,19.99
1,1,43.77
1,1,106.99
1,1,44.27
1,1,74.48
2,1,66.78
1,1,41.97
1,1,64.99
4,1,119.68
5,1,18.49
4,1,8.5
8,1,342.6
8,2,89.53999999999999
4,1,77.7
3,1,61.77
2,1,53.79
2,1,17.99
2,1,45.17
1,1,40.0
6,1,122.76
2,1,66.99
2,1,48.38
1,1,96.47
1,1,47.99
2,1,51.8
4,1,167.55
2,1,88.99
1,1,28.32
2,1,30.18
1,1,23.99
11,1,38.18
4,1,18.59
2,1,161.5
2,1,56.94
1,1,21.99
3,1,74.14
1,1,58.99
6,1,102.75
17,3,881.14
3,1,91.97
1,1,194.12
6,1,42.47
3,2,161.37
4,1,104.98
2,1,42.48
1,1,52.18
1,1,23.99
2,1,22.19
2,1,43.37
1,1,35.97
1,1,40.98
3,1,403.55
2,1,107.76
19,1,21.99
4,1,29.19
3,2,392.09000000000003
1,1,19.98
1,1,15.46
4,1,26.59
7,1,22.99
1,1,37.38
4,1,91.57
1,1,56.47
1,1,528.74
4,2,181.98
11,1,35.97
1,1,136.96
4,1,18.99
1,1,71.19
1,1,179.77
7,1,263.96
1,1,48.57
1,1,48.66
10,1,15.98
1,1,113.98
3,1,22.59
3,1,33.56
4,1,245.96
3,1,66.91
1,1,152.7
4,1,50.79
3,1,43.32
1,1,106.09
2,1,337.94
1,1,50.95
2,1,41.77
6,2,401.95000000000005
19,6,152.94
4,2,65.98
2,1,28.6
3,1,21.37
3,2,152.21
1,1,52.98
1,1,11.24
32,1,26.97
4,1,88.51
2,1,9.7
10,2,172.79000000000002
3,1,115.44
2,1,105.31
8,3,3826.4700000000003
1,1,36.95
2,1,31.49
13,1,23.98
3,1,183.16
1,1,41.59
20,1,1351.78
4,1,373.7
2,1,151.09
3,1,18.73
33,2,140.32
2,1,77.99
5,1,108.74
3,1,23.98
2,1,19.69
1,1,25.99
1,1,14.99
1,1,17.19
2,1,52.22
2,1,75.74
2,1,15.79
7,1,18.59
2,1,27.99
1,1,83.99
1,1,100.99
2,1,93.14
2,1,33.18
2,1,65.77
1,1,196.36
2,1,66.99
1,1,145.4
5,1,17.79
2,1,35.99
1,1,27.45
1,1,18.19
1,1,86.96
2,1,41.5
1,1,18.97
1,1,17.98
2,1,21.48
3,2,71.87
2,1,36.59
2,1,216.43
1,1,61.99
5,1,30.97
6,2,62.46
9,1,29.48
2,1,26.77
3,1,27.27
4,1,121.78
1,1,27.95
2,1,115.75
10,1,62.98
2,1,87.69
2,1,168.55
4,3,281.88
1,1,19.99
6,1,1369.46
2,1,13.63
5,1,980.86
4,1,65.15
2,1,51.36
2,1,118.47
1,1,51.0
3,1,70.55
1,1,129.73
4,3,95.39
1,1,51.85
1,1,155.94
1,1,39.28
2,1,47.66
2,1,76.18
6,1,52.79
6,1,1998.0
3,1,301.16
21,1,134.37
4,1,8.49
1,1,39.98
3,1,206.42
1,1,24.99
6,2,89.75
1,1,15.99
3,1,107.99
2,1,71.71
2,1,152.38
2,1,81.3
4,1,97.18
3,1,100.13
5,1,100.99
1,1,1123.91
3,1,709.9
2,1,19.99
1,1,29.97
1,1,26.98
1,1,444.84
2,1,24.99
5,2,197.20999999999998
2,1,14.59
1,1,113.32
3,2,371.82
2,1,22.19
3,2,157.87
1,1,11.59
3,1,107.48
2,1,22.99
4,1,121.35
2,1,29.98
2,1,92.96
5,1,37.96
2,1,1303.24
12,3,926.01
4,2,131.96
10,1,68.6
6,1,59.99
1,1,8.99
4,1,68.19
4,1,27.59
5,1,490.88
1,1,52.27
4,1,90.38
2,1,32.35
1,1,111.42
3,1,24.99
4,1,20.58
2,1,44.49
2,1,40.96
4,1,14.59
3,1,217.92
2,1,58.94
1,1,39.89
16,4,179.6
1,1,91.97
13,4,500.33000000000004
1,1,92.97
25,1,323.74
1,1,16.99
2,1,107.98
40,1,1015.48
6,1,16.99
2,1,296.81
3,1,12.99
1,1,23.99
6,1,50.91
3,1,48.97
1,1,50.79
2,1,19.59
5,1,285.3
1,1,172.34
5,1,157.27
2,1,118.8
9,2,96.84
13,2,98.68
19,1,11.19
1,1,107.14
1,1,79.03
2,1,78.25
1,1,35.99
1,1,22.99
10,1,727.92
9,1,56.99
1,1,19.0
3,1,24.99
6,1,67.99
4,1,164.85
2,1,107.96
2,1,6.99
2,1,33.58
1,1,33.99
1,1,55.37
2,1,17.99
1,1,103.35
7,2,49.94
3,1,34.78
6,1,411.4
3,1,16.99
1,1,19.19
2,1,195.93
4,2,87.98
1,1,79.99
1,1,41.59
3,1,46.49
1,1,60.95
3,1,45.11
1,1,135.36
1,1,62.85
1,1,17.39
1,1,82.99
4,2,229.84
1,1,10.19
1,1,102.99
2,1,40.99
4,1,33.48
1,1,39.98
5,1,402.8
2,1,66.58
1,1,418.7
4,1,32.99
1,1,78.33
3,2,550.79
1,1,25.99
3,1,306.75
5,1,4207.38
6,2,112.94
3,1,58.97
3,1,61.99
3,1,345.0
4,1,15.47
2,1,24.19
13,2,40.47
1,1,11.99
2,1,130.22
2,1,94.76
18,1,89.16
4,1,43.28
7,2,939.03
6,1,84.99
7,1,61.99
1,1,83.99
2,1,32.19
1,1,13.99
1,1,29.89
1,1,264.07
4,1,110.84
1,1,15.37
14,2,70.56
2,1,26.97
2,1,42.98
1,1,179.91
2,1,194.6
3,1,117.72
1,1,17.38
1,1,23.99
1,1,22.98
2,2,530.13
2,1,31.38
1,1,51.98
8,3,28.5
1,1,21.4
1,1,16.99
8,1,13.48
5,1,531.34
6,1,47.79
1,1,64.91
2,1,23.99
4,1,134.56
3,1,38.14
5,1,76.48
6,1,1015.83
10,3,228.86
2,1,107.18
2,1,33.39
1,1,61.17
2,1,41.98
18,1,83.99
2,1,45.97
1,1,24.99
1,1,19.39
6,1,78.95
7,1,17.19
4,1,293.9
4,1,210.14
4,1,241.7
3,1,88.19
3,1,25.99
24,7,281.5
4,1,76.99
2,1,40.99
1,1,19.99
7,1,32.88
2,1,19.99
5,3,571.72
1,1,23.19
3,1,15.98
1,1,121.54
4,1,478.14
1,1,64.11
3,1,67.46
4,1,312.01
2,1,50.87
2,1,57.99
3,1,53.79
1,1,401.58
1,1,65.79
4,1,170.97
1,1,21.59
2,1,767.64
2,1,157.48
2,1,88.99
3,1,52.79
1,1,20.69
1,1,27.48
2,1,42.87
6,1,166.68
1,1,82.99
1,1,38.39
6,2,743.9200000000001
1,1,44.98
2,1,50.99
6,1,746.85
2,1,73.73
3,3,132.05
1,1,17.99
1,1,43.98
3,1,31.99
4,1,44.99
3,1,48.99
3,1,42.98
10,1,23.98
3,1,24.58
16,4,635.93
1,1,36.28
1,1,60.99
1,1,19.99
1,1,20.99
3,1,35.39
1,1,44.49
1,1,50.98
1,1,22.99
2,1,128.2
1,1,40.45
1,1,48.48
2,1,22.19
3,2,294.64
9,4,1043.95
1,1,59.98
7,1,257.0
5,1,45.96
11,4,2066.58
1,1,107.96
12,1,66.78
1,1,24.47
2,1,32.99
1,1,48.98
3,1,21.58
1,1,69.57
1,1,23.99
4,1,104.98
35,1,144.96
2,1,76.34
5,1,124.24
1,1,21.79
3,1,48.19
3,1,34.98
3,1,86.05
5,1,210.46
9,1,353.32
7,1,15.99
2,1,41.58
4,1,61.28
3,1,914.36
1,1,56.31
1,1,29.09
5,1,178.57
1,1,41.59
1,1,48.82
2,1,114.72
4,1,57.43
1,1,20.99
6,1,114.18
21,1,119.99
4,2,64.98
2,1,883.9
1,1,68.15
1,1,370.95
2,1,374.85
1,1,152.88
3,1,85.72
1,1,24.99
6,1,129.95
3,1,90.46
6,1,39.28
2,1,19.21
2,1,99.6
5,1,15.99
1,1,82.94
3,1,65.15
4,1,39.49
1,1,25.98
1,1,70.6
22,6,3116.3500000000004
2,1,38.19
4,1,92.99
5,1,482.07
3,1,659.52
2,1,48.0
1,1,83.99
1,1,81.34
1,1,23.47
1,1,88.99
2,1,100.4
1,1,20.99
3,1,16.39
6,1,567.85
2,1,97.99
4,1,24.99
2,1,402.73
1,1,212.74
1,1,18.48
1,1,43.04
2,1,53.79
1,1,137.97
4,1,209.51
5,1,26.48
1,1,26.99
8,1,49.99
1,1,153.93
2,1,63.97
1,1,75.98
1,1,85.06
10,1,76.75
1,1,41.95
1,1,19.99
1,1,72.57
2,1,97.58
2,1,20.2
1,1,75.14
3,1,65.98
8,1,270.74
1,1,83.94
14,7,7073.51
1,1,26.49
2,1,27.98
16,2,43.0
1,1,29.99
1,1,22.99
1,1,23.99
1,1,39.74
1,1,20.98
4,2,389.15
6,1,231.18
1,1,32.99
2,1,199.21
2,1,122.96
2,1,83.28
4,1,23.29
2,1,6.97
1,1,41.59
2,1,76.18
1,1,21.99
11,2,135.67000000000002
1,1,64.99
8,1,31.98
2,1,80.99
5,1,39.59
4,1,31.98
2,1,105.99
1,1,41.59
2,1,197.2
2,1,103.93
6,2,228.56
5,1,46.44
2,1,114.88
1,1,20.19
2,1,54.67
8,1,62.99
1,1,24.19
4,1,19.99
3,2,77.94
2,1,24.99
7,1,59.26
3,1,89.78
2,1,81.96
7,1,454.2
1,1,91.97
1,1,49.93
3,1,48.77
2,1,82.62
1,1,14.2
4,1,28.99
18,2,1313.5
1,1,19.19
1,1,14.5
3,1,23.99
3,1,97.03
2,1,686.2
7,4,530.57
2,1,17.99
1,1,11.99
7,2,135.32
1,1,162.75
1,1,52.46
1,1,19.99
8,1,81.98
1,1,700.6
2,1,110.32
2,1,75.32
3,1,35.78
4,1,130.75
3,1,52.13
4,1,653.23
4,1,9.75
6,1,42.98
1,1,283.84
2,1,33.99
17,1,55.36
2,1,194.9
5,5,946.6099999999999
1,1,29.78
2,1,29.97
2,1,29.99
3,1,65.39
1,1,55.37
3,1,253.29
6,1,82.38
2,1,46.79
4,1,388.75
4,1,25.99
2,1,37.98
2,1,119.32
3,1,75.58
2,2,98.76
2,1,27.99
13,1,108.0
1,1,56.97
7,4,85.50999999999999
4,1,56.08
1,1,19.99
14,1,45.98
1,1,34.59
4,1,60.99
1,1,36.99
1,1,33.35
2,1,45.79
2,1,45.17
3,1,60.99
1,1,69.62
3,1,41.98
2,1,117.36
2,1,44.37
4,1,196.3
7,1,78.97
3,1,47.79
1,1,19.79
1,1,49.77
2,1,13.98
9,2,233.59
4,1,50.28
3,1,94.98
2,1,117.94
1,1,78.58
2,1,14.99
3,1,174.17
3,1,478.0
2,1,33.0
3,1,57.64
4,1,43.99
2,1,307.69
3,1,109.97
3,1,80.75
29,7,11441.16
275,16,241619.34999999998
2,1,181.61
1,1,52.98
1,1,32.98
18,2,93.33000000000001
1,1,67.95
1,1,250.75
3,1,281.58
4,1,92.41
2,1,90.37
3,1,28.89
2,1,84.99
1,1,122.14
6,1,1443.75
1,1,37.93
2,1,52.79
1,1,70.59
10,2,275.90999999999997
2,1,49.17
4,1,47.79
2,1,64.99
3,1,106.45
3,1,30.0
4,1,18.99
3,1,148.71
2,1,299.24
1,1,29.98
4,1,45.79
12,1,291.74
4,1,26.59
1,1,138.88
3,1,51.96
3,1,355.32
4,1,380.17
2,1,47.38
9,2,852.14
1,1,152.78
25,1,28.19
3,1,81.76
4,1,172.42
1,1,178.84
3,1,21.98
3,1,99.77
2,1,65.69
2,1,24.98
2,1,42.97
1,1,31.38
2,1,24.99
1,1,46.0
1,1,68.16
2,1,18.35
15,4,1083.6000000000001
1,1,54.74
1,1,24.99
4,1,645.5699999999999
2,1,15.99
6,1,614.2
1,1,41.59
1,1,29.29
2,1,53.12
2,1,18.16
3,1,167.95
2,1,69.92
3,1,55.96
1,1,230.87
3,1,53.76
1,1,12.98
5,1,654.1
2,1,2186.32
5,1,142.36
2,1,328.61
2,1,61.96
4,1,25.49
3,1,54.9
2,1,64.99
2,1,17.99
3,1,23.99
2,1,14.39
2,1,96.37
3,1,12.98
4,2,66.97
1,1,58.88
1,1,43.27
1,1,201.32
1,1,202.74
2,1,39.68
1,1,5.98
6,2,114.78
3,1,1101.94
2,1,58.35
29,6,224.92
1,1,17.29
2,1,28.48
1,1,30.97
4,1,13.99
2,1,46.79
2,1,18.19
1,1,46.97
45,1,1176.79
3,1,22.29
2,1,20.91
1,1,375.59
1,1,39.59
3,1,32.48
2,1,35.3
1,1,319.78
6,2,506.24
5,1,22.99
2,1,28.58
1,1,24.99
7,1,146.7
1,1,88.98
1,1,38.98
1,1,880.8
1,1,49.79
1,1,16.99
6,1,47.79
1,1,21.73
1,1,20.29
1,1,143.72
1,1,16.19
1,1,115.52
5,1,51.45
5,1,318.72
2,1,40.98
23,1,393.19
3,1,62.98
6,1,36.98
1,1,57.98
1,1,26.25
2,1,93.98
4,1,628.76
2,1,161.0
2,1,13.99
1,1,62.45
2,1,15.39
10,1,36.99
1,1,15.09
2,1,20.99
3,1,52.78
1,1,20.98
3,1,52.18
1,1,64.99
1,1,37.78
3,1,30.98
1,1,218.83
2,1,132.98
4,1,13.31
9,2,319.34000000000003
2,1,361.27
2,1,123.75
1,1,24.0
4,1,16.99
3,1,192.21
1,1,18.99
4,2,34.98
4,1,15.96
7,1,23.02
4,1,634.8
2,1,50.29
3,1,32.19
6,1,391.7
1,1,22.99
2,1,41.99
5,1,56.99
1,1,38.98
1,1,102.88
2,1,30.39
8,3,75.47
1,1,12.6
2,1,41.12
4,2,50.66
1,1,33.19
1,1,15.43
2,1,107.05
2,1,15.98
5,1,140.95
1,1,47.97
3,1,28.99
1,1,116.98
3,1,292.92
4,1,267.45
1,1,29.28
1,1,51.47
8,1,32.49
1,1,23.79
1,1,197.75
4,1,119.14
1,1,10.5
2,1,47.49
1,1,38.59
30,3,100.57
3,1,96.5
4,1,179.75
8,1,458.7
2,1,66.09
1,1,39.39
2,1,15.59
8,2,363.65
106,1,25.93
17,2,601.22
1,1,243.62
2,1,36.38
5,1,287.5
3,1,47.79
5,1,52.14
3,1,22.0
1,1,12.99
1,1,30.98
1,1,24.78
1,1,23.99
1,1,144.75
3,1,1359.7
2,1,14.59
1,1,202.68
6,1,134.98
2,1,26.78
5,1,46.29
2,1,63.97
3,1,66.6
5,1,21.94
2,1,27.78
1,1,25.35
5,1,109.96
3,1,20.99
4,2,247.35000000000002
2,1,46.98
2,1,146.41
5,1,467.1
2,1,37.59
1,1,106.35
2,1,56.67
4,1,40.99
8,1,96.99
4,1,113.54
1,1,35.98
1,1,138.37
2,1,960.52
10,1,62.38
5,1,15.2
1,1,38.59
2,2,38.36
2,1,18.99
1,1,16.99
1,1,26.19
5,1,322.49
1,1,21.0
1,1,22.99
1,1,22.37
1,1,79.98
2,1,8.99
1,1,20.99
3,1,57.97
2,1,30.48
6,1,63.77
7,1,44.57
8,1,11.0
1,1,11.79
3,1,106.93
1,1,24.99
9,1,436.71
2,1,176.8
2,1,179.6
2,1,30.16
2,1,78.16
2,1,20.59
4,1,235.61
2,1,103.44
2,1,27.99
1,1,83.98
2,1,44.98
1,1,25.99
6,1,151.96
1,1,44.79
4,1,57.97
6,1,15.06
1,1,18.99
9,3,315.07
5,2,506.0
2,1,24.99
4,1,90.97
4,1,16.97
3,1,6.99
2,1,39.59
4,1,145.54
15,1,516.04
8,2,253.43
4,1,27.99
6,2,1792.78
1,1,16.19
1,1,101.37
2,1,35.38
3,1,57.97
4,1,21.96
3,1,103.99
7,1,86.38
1,1,112.28
1,1,41.98
2,1,58.46
1,1,66.1
1,1,88.47
2,1,41.59
2,1,50.37
3,1,150.14
6,1,81.99
2,1,135.98
1,1,38.95
3,1,30.19
1,1,27.99
2,1,10.99
4,1,88.98
1,1,52.97
2,1,60.99
9,1,90.93
1,1,36.16
1,1,323.75
1,1,62.61
2,1,42.19
1,1,219.16
1,1,19.69
2,1,73.57
2,1,78.75
3,1,35.98
6,1,25.73
2,1,31.19
5,1,35.59
1,1,32.98
3,1,309.35
22,4,110.38
1,1,237.66
4,1,173.57
1,1,27.98
3,1,13.98
2,1,14.99
3,1,31.39
1,1,17.99
5,1,32.99
3,1,17.59
8,1,173.44
4,1,405.82
1,1,150.99
6,3,816.47
6,2,621.45
2,1,55.84
1,1,50.55
5,3,131.56
1,1,10.99
10,1,84.8
8,1,666.45
2,1,122.99
2,2,110.28
10,1,607.0
1,1,17.36
1,1,59.72
4,1,24.99
1,1,103.94
3,2,86.75
1,1,29.28
5,1,289.0
1,1,293.74
16,1,22.99
2,1,38.98
7,1,218.25
1,1,80.76
4,1,94.49
1,1,453.43
2,1,81.99
1,1,47.79
2,2,160.05
5,1,83.55
3,1,17.97
2,1,168.02
3,1,22.97
6,1,46.99
5,1,38.45
8,1,205.54
4,1,123.32
4,1,17.99
2,1,42.08
3,1,38.59
1,1,81.15
1,1,44.37
4,1,50.57
2,1,67.94
2,1,51.34
3,1,184.16
2,1,85.7
7,1,20.29
29,14,3885.53
1,1,68.96
5,1,489.6
2,1,22.99
3,1,47.98
11,1,2694.4
1,1,6.99
11,7,298.47
1,1,30.61
3,1,39.37
2,1,84.95
1,1,43.99
5,1,2266.94
2,1,61.99
2,1,37.54
1,1,25.99
18,5,1127.81
1,1,35.59
1,1,25.4
3,1,160.37
2,1,66.48
3,1,232.92
5,1,362.79
2,1,55.96
1,1,23.59
5,1,258.76
3,1,46.79
6,1,26.98
1,1,703.0
2,1,60.07
9,1,24.19
1,1,23.99
5,1,36.96
1,1,56.9
4,1,133.7
1,1,12.98
2,1,60.98
4,1,50.49
1,1,39.38
4,1,30.9
1,1,24.68
1,1,44.77
3,1,103.99
11,6,4193.76
7,1,22.59
8,1,1097.14
11,3,124.92
3,1,305.55
1,1,143.49
4,1,42.36
1,1,25.97
1,1,49.02
1,1,20.79
4,1,24.99
4,1,33.35
1,1,424.4
10,1,65.45
1,1,18.08
3,1,20.19
1,1,22.95
5,1,137.72
1,1,20.18
7,1,106.99
2,1,203.9
5,1,116.48
3,1,24.19
5,1,202.0
1,1,163.5
1,1,25.78
1,1,217.41
1,1,220.73
5,1,1688.79
4,1,102.73
3,1,31.63
1,1,118.96
1,1,183.9
2,1,175.15
4,1,24.58
1,1,24.99
6,1,47.98
5,1,54.54
2,1,60.29
5,2,223.57999999999998
4,1,40.16
1,1,39.92
1,1,60.85
2,1,149.19
2,1,388.99
1,1,72.18
2,1,26.99
2,1,100.88
2,1,306.93
12,2,721.7
1,1,64.15
15,2,3212.84
15,2,65.56
5,1,78.15
3,1,68.78
1,1,23.99
2,1,21.19
4,2,376.15
4,1,19.99
2,1,406.3
13,3,409.82
2,1,225.72
1,1,159.0
1,1,27.19
5,2,596.17
1,1,29.26
1,1,48.77
2,1,93.97
2,1,43.99
4,1,1060.49
2,1,12.98
3,1,198.4
3,1,186.98
3,1,598.12
12,1,34.59
2,1,44.96
2,1,18.78
1,1,67.09
2,1,27.51
5,1,11.99
1,1,25.19
2,1,40.93
12,3,1209.15
3,2,125.97999999999999
3,1,188.65
1,1,25.99
2,1,56.56
2,1,54.45
4,1,557.0
1,1,65.58
3,1,23.99
3,1,453.7
2,1,194.7
1,1,166.64
4,2,197.82999999999998
2,1,58.99
2,1,96.99
3,1,29.74
2,1,24.78
2,1,73.98
1,1,35.59
6,1,82.17
6,1,58.58
4,1,31.65
2,1,59.38
7,1,782.52
1,1,69.77
1,1,1436.6100000000001
2,1,100.96
1,1,44.98
1,1,70.18
1,1,36.78
8,3,278.72
3,1,140.23
1,1,56.56
6,1,58.99
2,2,168.48000000000002
6,1,32.99
1,1,101.99
1,1,525.79
1,1,39.28
2,1,14.99
2,1,21.43
3,1,39.26
1,1,37.96
3,1,20.99
1,1,75.39
7,1,35.99
6,1,168.31
3,2,162.91
3,1,58.96
2,1,59.36
3,1,69.18
2,1,9.18
2,1,34.59
8,4,1619.35
1,1,79.18
2,1,20.42
1,1,33.48
6,3,475.39
8,1,107.26
1,1,127.56
4,1,67.09
7,3,126.74999999999999
3,1,93.58
6,1,111.32
4,1,17.63
6,1,42.04
2,1,7.96
1,1,69.56
2,1,46.79
2,1,30.47
16,1,312.72
7,1,26.99
3,1,354.4
4,1,21.99
5,1,52.65
4,1,15.19
1,1,69.23
3,1,73.98
2,1,92.98
8,1,26.58
4,2,668.2900000000001
4,1,67.38
5,1,174.91
2,1,97.37
3,1,26.97
1,1,15.97
5,1,12.48
1,1,194.7
1,1,32.2
8,2,177.95000000000002
4,1,78.16
4,1,95.52
1,1,14.49
1,1,24.99
2,1,28.98
5,1,18.99
7,1,122.95
1,1,77.39
1,1,40.49
2,1,32.58
2,1,333.01
1,1,108.13
2,1,173.12
3,1,16.29
1,1,124.54
7,1,40.99
2,1,57.54
2,1,32.98
1,1,22.99
12,1,62.99
1,1,24.54
4,1,64.21
12,1,106.78
2,1,78.92
2,1,84.95
10,1,136.34
1,1,139.47
3,1,263.9
5,3,257.61
1,1,20.99
3,1,109.77
1,1,32.99
19,1,102.99
2,1,52.99
1,1,25.99
1,1,4.99
3,1,51.88
2,1,60.19
2,1,25.98
2,1,61.99
1,1,29.19
1,1,64.99
3,1,26.95
25,1,44.99
12,1,420.28
1,1,40.69
1,1,241.95
2,1,60.99
3,1,423.24
5,1,218.06
5,1,353.0
3,1,32.88
12,1,97.37
3,1,30.19
2,1,32.65
1,1,28.01
3,2,169.78
3,1,47.79
5,1,460.85
3,1,294.4
1,1,22.99
1,1,53.38
4,1,25.98
3,1,36.95
1,1,14.97
1,1,9.99
1,1,84.99
4,1,39.37
3,1,17.19
3,1,31.68
2,2,568.44
5,1,8.19
3,1,386.93
4,2,495.29999999999995
1,1,22.97
9,1,142.04
3,1,106.17
1,1,48.97
1,1,44.21
1,1,47.71
3,3,280.51
1,1,31.18
4,1,25.49
3,1,224.97
5,1,86.21
2,1,20.39
3,1,13.97
4,1,60.58
5,1,53.97
1,1,55.55
10,1,65.99
4,1,62.99
3,1,24.98
1,1,18.59
4,2,300.48
1,1,102.97
1,1,18.99
4,1,29.07
1,1,45.98
2,1,12.99
3,1,151.46
4,1,258.0
3,1,193.93
2,1,1042.6
5,1,41.98
1,1,22.99
1,1,79.43
5,1,168.18
1,1,63.97
3,1,18.19
5,2,34.18
1,1,31.71
1,1,22.98
2,1,14.79
1,1,45.25
2,1,31.19
7,1,220.55
8,1,51.79
24,1,58.99
1,1,331.16
11,1,21.72
3,1,64.99
2,1,111.99
3,1,43.59
3,1,18.99
6,1,883.25
1,1,134.22
1,1,21.99
1,1,22.95
3,1,75.99
1,1,101.55
2,1,26.98
3,2,107.97
3,1,60.18
5,1,35.38
1,1,19.98
3,1,86.99
7,3,524.74
1,1,36.38
12,1,31.78
1,1,57.18
1,1,64.45
3,2,215.18
5,1,192.79
2,1,13.98
1,1,23.99
1,1,192.35
3,1,25.37
4,1,384.8
1,1,21.99
3,2,221.57
1,1,98.18
1,1,37.59
2,1,30.98
5,1,93.98
2,1,146.76
7,2,112.33
13,3,659.39
5,1,22.38
1,1,83.09
2,1,24.66
5,1,56.76
3,1,64.96
7,1,274.72
3,1,16.99
3,1,82.95
5,1,24.26
1,1,48.17
2,1,163.35
6,1,254.56
1,1,66.18
2,1,92.93
5,1,33.99
2,1,45.56
2,1,17.99
1,1,17.99
2,1,93.49
2,1,57.96
1,1,18.99
4,1,23.19
1,1,21.96
3,1,367.39
4,1,58.14
1,1,8.99
5,1,58.58
9,1,84.99
4,1,268.23
2,1,23.03
1,1,83.38
13,2,735.95
1,1,23.98
5,1,17.19
1,1,42.15
2,1,32.18
1,1,24.79
2,1,17.98
2,1,26.98
37,1,68.37
1,1,417.8
2,1,15.99
10,1,337.67
9,3,410.0
1,1,3427.08
3,3,1103.03
1,1,30.33
2,1,108.44
8,1,46.79
4,1,35.59
2,1,27.99
9,2,138.5
6,1,22.99
2,1,58.0
4,1,84.14
4,1,19.99
1,1,69.18
4,1,20.59
11,3,100.35
2,1,85.19
3,1,447.75
1,1,411.94
3,1,13.98
3,1,74.75
7,3,149.91
4,1,39.96
1,1,39.38
1,1,300.65
4,1,75.18
1,1,697.42
7,3,302.09000000000003
1,1,37.98
2,1,169.95
3,1,496.85
4,1,104.88
9,1,18.18
2,1,80.4
2,1,51.79
1,1,26.19
2,1,50.55
2,1,588.2
19,1,552.05
19,1,22.99
8,2,4739.98
1,1,46.89
4,1,36.98
3,1,236.8
3,1,139.12
2,1,19.93
3,1,141.36
2,1,406.51
2,1,18.39
3,1,76.57
3,1,99.24
2,1,53.76
1,1,39.99
5,1,705.8
1,1,118.38
3,1,62.97
4,1,1605.8
1,1,77.86
2,1,68.18
1,1,14.99
1,1,14.59
1,1,95.7
1,1,23.99
1,1,2213.38
3,1,81.95
4,1,75.18
1,1,9.99
2,1,30.46
1,1,46.79
12,1,56.45
8,1,68.94
4,1,32.98
1,1,48.99
3,1,46.98
4,1,171.94
3,1,359.99
3,2,51.38
1,1,23.99
1,1,157.76
1,1,93.1
2,1,11.2
3,1,19.19
1,1,25.99
3,1,136.92
20,1,68.97
1,1,6.34
1,1,59.46
1,1,34.99
2,1,87.68
8,1,104.9
6,3,763.2
2,1,57.89
2,1,17.99
7,4,686.14
4,1,23.99
1,1,24.99
3,1,35.49
1,1,20.59
4,1,198.8
3,2,197.85
3,2,30.18
3,1,20.99
4,1,87.72
2,1,110.18
3,1,228.79
4,1,474.94
5,1,7.99
2,1,198.54
1,1,121.36
8,1,167.08
2,1,60.85
2,2,410.96
1,1,17.29
8,1,138.38
4,1,127.31
1,1,79.47
2,1,193.25
2,1,32.58
2,1,22.98
12,1,104.91
1,1,17.99
2,1,59.45
9,1,625.31
5,1,34.98
3,3,150.15
1,1,134.11
4,1,32.99
1,1,2.49
3,1,396.77
1,1,127.72
10,1,316.31
1,1,79.98
3,1,49.79
2,1,28.98
1,1,11.99
1,1,22.59
3,1,217.7
1,1,37.89
2,1,21.0
1,1,63.32
7,1,170.65
3,1,62.37
1,1,41.48
6,1,22.59
3,1,33.54
2,1,124.97
4,1,24.19
2,1,41.97
2,1,79.96
1,1,53.97
5,2,559.3
1,1,150.48
1,1,4.68
1,1,31.28
1,1,42.96
4,1,56.99
1,1,27.39
7,2,102.97
6,1,12.99
2,1,285.5
2,1,40.99
1,1,82.4
2,1,34.89
5,2,508.75
5,1,324.0
1,1,311.29
1,1,47.38
4,1,23.99
1,1,33.18
8,1,574.03
10,1,169.93
3,1,166.96
2,1,52.56
2,1,24.99
1,1,43.78
10,2,67.98
2,1,508.46
1,1,360.01
4,1,40.98
8,1,37.0
1,1,26.99
4,1,45.7
1,1,21.99
1,1,61.99
5,1,35.39
3,1,28.99
4,2,286.07
2,1,223.78
1,1,45.98
1,1,38.18
4,1,259.02
2,1,95.94
3,1,116.64
4,2,55.57000000000001
1,1,43.14
6,2,459.13
5,1,853.37
8,1,39.37
24,1,37.96
1,1,82.99
1,1,11.97
2,1,31.28
2,1,35.38
3,1,333.1
1,1,81.17
1,1,59.97
6,1,82.58
1,1,32.38
2,2,701.61
1,1,79.36
2,1,49.79
6,1,12.63
2,1,36.59
2,1,24.99
5,2,398.29999999999995
2,2,1614.65
1,1,9.99
6,1,65.15
11,2,1591.5800000000002
1,1,45.39
1,1,23.19
1,1,19.98
5,1,134.57
2,1,83.95
1,1,11.79
7,1,13.79
3,1,37.59
2,1,31.82
2,1,34.28
4,1,41.98
1,1,23.99
1,1,19.99
6,1,34.98
6,1,30.54
1,1,21.94
9,2,733.9300000000001
2,1,40.59
1,1,39.59
1,1,23.98
2,1,70.82
3,2,33.18
10,1,23.99
5,1,62.99
1,1,19.86
3,1,195.88
1,1,153.26
1,1,42.59
3,1,286.53
1,1,41.97
2,2,90.71
7,1,40.0
1,1,21.99
4,1,82.99
29,4,938.84
3,1,5.99
1,1,87.14
2,1,65.6
2,1,159.7
1,1,15.96
3,1,3.53
5,2,123.94
3,1,13.48
3,1,82.78
1,1,682.51
2,1,62.59
2,1,27.99
1,1,56.99
2,1,170.4
1,1,26.48
1,1,25.9
5,1,137.12
8,1,23.99
5,1,28.96
2,1,33.99
1,1,334.3
2,1,37.68
1,1,13.78
3,1,13.8
2,1,70.81
2,1,63.97
2,1,9.96
3,1,65.38
1,1,31.97
3,1,48.43
4,1,63.99
2,1,51.47
2,1,121.31
1,1,22.69
3,1,33.96
1,1,42.59
3,1,96.99
1,1,111.31
1,1,19.19
3,1,29.78
4,1,86.98
5,3,13048.46
3,1,201.0
5,1,24.99
6,2,27.17
4,1,33.97
2,1,47.79
1,1,25.99
3,1,121.94
2,1,65.28
5,1,118.98
3,1,86.84
2,1,20.97
2,1,26.91
2,1,25.98
2,1,53.99
11,2,125.0
1,1,11.98
7,1,17.48
155,1,188.9
4,1,47.79
10,2,300.09
2,1,143.95
2,1,22.98
10,1,236.6
1,1,600.5
1,1,23.39
6,2,66.95
2,1,77.3
4,1,90.97
4,2,444.99
1,1,36.98
3,1,60.94
2,1,43.47
1,1,63.97
6,1,47.87
4,1,688.47
2,1,70.22
5,1,83.93
2,1,68.19
1,1,29.97
1,1,119.93
1,1,37.78
4,1,60.76
4,1,57.99
1,1,34.59
14,2,1628.16
2,1,20.99
5,1,23.99
1,1,93.76
3,1,15.2
2,1,303.0
3,1,38.59
3,1,176.88
2,1,69.27
3,1,135.13
2,1,36.39
8,1,131.44
7,1,79.09
9,3,95.15
1,1,26.99
1,1,76.93
7,4,2793.58
2,1,49.52
5,1,30.99
3,1,216.72
2,1,20.94
13,4,1098.8899999999999
1,1,35.11
3,2,72.97
2,1,125.9
2,1,100.08
14,1,33.78
6,1,97.99
4,1,28.14
4,1,12.38
2,1,24.49
2,1,21.98
1,1,22.99
5,2,501.99
5,1,17.39
2,1,24.99
3,1,52.18
3,1,22.99
7,1,32.67
2,1,61.99
1,1,39.87
2,1,24.78
2,1,28.99
11,1,40.97
6,2,210.98
4,1,129.33
5,1,11.79
3,1,68.54
1,1,20.59
2,1,43.85
1,1,51.33
1,1,11.48
2,1,65.96
3,1,26.99
3,1,85.99
1,1,17.19
65,1,33.98
6,2,382.16999999999996
1,1,34.59
3,1,75.29
7,1,148.93
6,1,61.96
1,1,55.99
1,1,18.99
1,1,13.48
1,1,65.99
2,1,37.18
3,1,32.35
1,1,21.99
3,1,68.66
2,1,65.36
2,1,18.99
4,1,84.33
1,1,192.6
4,1,39.35
2,2,1019.5
5,1,148.71
3,1,42.98
7,1,204.5
7,1,127.14
1,1,10.98
12,1,35.99
2,1,109.95
3,1,51.79
2,1,226.02
8,2,1820.6399999999999
2,1,86.98
4,1,46.79
2,1,32.34
4,1,25.99
7,1,22.99
1,1,27.96
8,2,914.75
1,1,13.78
2,1,92.76
5,1,56.27
3,1,145.95
6,1,77.03
1,1,14.59
3,1,35.58
1,1,41.96
1,1,59.99
2,1,17.99
5,1,12.47
3,1,89.6
4,1,220.13
5,1,20.99
4,1,91.53
2,1,22.98
7,2,759.28
2,1,20.78
2,1,18.99
2,1,54.97
2,1,36.59
3,1,163.1
11,1,20.99
10,1,164.6
3,1,19.97
1,1,42.97
2,1,49.6
1,1,98.8
2,1,72.39
2,1,26.33
1,1,33.18
1,1,35.59
2,1,30.26
4,1,93.66
5,1,18.48
4,2,699.0
9,2,864.1
1,1,132.76
4,1,467.4
2,1,359.26
3,1,19.79
3,1,42.99
2,1,110.23
13,1,56.56
2,1,61.99
1,1,143.85
4,1,308.35
5,1,49.79
1,1,794.08
3,1,83.99
2,1,28.96
1,1,48.47
5,1,29.99
8,2,78.18
7,1,53.79
8,1,96.09
1,1,35.18
2,1,491.85
3,1,338.5
1,1,25.99
3,1,57.5
7,1,56.42
1,1,92.14
3,1,310.67
4,1,88.99
4,1,80.38
3,1,68.96
4,1,69.56
3,1,45.97
3,1,259.7
2,1,113.72
2,1,58.36
4,2,54.95
3,2,107.53
18,1,96.94
1,1,126.01
1,1,55.96
3,1,53.4
1,1,47.56
1,1,21.47
7,1,20.58
1,1,25.48
3,1,20.99
1,1,34.59
8,2,106.58
2,1,21.99
1,1,61.99
2,1,28.66
1,1,10.98
4,1,10.99
1,1,57.99
1,1,23.99
5,1,9.99
1,1,37.98
1,1,37.49
2,1,84.99
2,1,40.98
7,1,82.18
3,2,263.15000000000003
10,1,20.97
2,1,27.02
1,1,56.48
6,1,91.1
1,1,11.98
6,1,14.49
1,1,104.27
1,1,87.26
4,1,22.99
1,1,23.29
9,1,723.3
4,1,3.01
2,1,45.57
2,1,25.98
1,1,8.99
1,1,20.59
1,1,45.99
2,1,40.68
1,1,47.79
4,1,28.99
2,1,24.79
2,1,113.48
3,1,88.14
5,1,47.79
3,1,36.98
3,1,33.99
2,1,209.0
11,1,153.79
12,1,172.08
1,1,44.6
6,1,32.38
1,1,444.86
1,1,28.49
10,1,39.99
5,1,55.24
3,1,170.87
200,1,27.48
1,1,30.99
1,1,22.49
2,1,73.94
2,1,82.94
7,1,13.68
1,1,187.72
2,1,17.99
3,1,175.98
1,1,43.08
4,1,77.97
2,1,29.49
1,1,283.72
1,1,25.99
2,1,94.98
1,1,150.92
3,1,8.98
2,1,26.98
3,1,35.59
1,1,88.97
1,1,21.99
3,1,30.48
9,1,98.33
16,1,34.58
3,1,16.96
2,1,94.58
5,1,160.85
1,1,48.95
21,2,134.89
1,1,98.97
7,1,31.0
2,1,65.99
2,2,410.75
1,1,30.82
3,1,60.93
1,1,308.51
10,1,1291.36
2,1,35.59
4,1,19.49
1,1,33.18
1,1,69.18
2,2,55.95
2,1,71.77
7,1,542.11
1,1,15.79
3,2,296.81
2,1,45.57
2,1,224.2
2,1,39.88
3,2,358.6
3,1,30.99
2,1,30.58
3,1,50.44
3,1,10.99
6,1,1257.85
5,2,313.81
2,1,74.47
6,1,104.54
2,1,397.46
2,1,493.4
124,1,21.19
5,1,15.59
1,1,136.6
3,1,91.92
10,2,1744.78
1,1,42.99
3,1,23.07
1,1,45.97
6,2,304.38
3,1,55.38
3,1,101.94
11,1,68.19
2,1,64.05
3,1,29.18
1,1,10.77
3,2,416.0
6,1,46.79
2,1,20.99
13,1,73.18
3,1,31.86
3,1,205.95
3,1,17.97
6,1,163.4
2,1,80.5
1,1,34.98
1,1,33.45
2,1,28.99
4,1,35.78
9,1,90.36
1,1,7.97
1,1,39.59
2,1,46.98
1,1,79.18
12,1,499.25
1,1,71.48
1,1,39.91
4,1,36.99
4,2,42.370000000000005
2,1,43.6
1,1,39.59
2,1,135.95
6,1,350.23
2,1,66.84
2,1,86.23
4,3,107.18
6,1,707.0
4,2,119.22
1,1,70.96
2,1,103.31
4,1,92.85
6,1,555.6
1,1,1468.8
9,1,125.98
4,1,22.99
2,1,30.26
3,1,11.97
4,1,171.77
1,1,399.7
5,1,147.75
10,1,71.17
4,1,140.56
2,1,17.99
1,1,47.98
7,2,547.28
1,1,37.15
3,1,27.49
3,2,42.89
1,1,68.96
4,1,17.59
1,1,88.92
1,1,124.15
4,1,212.96
2,1,36.18
2,1,45.59
4,1,23.99
1,1,29.7
2,1,232.98
2,2,46.459999999999994
2,1,4274.0
1,1,17.99
1,1,9.79
1,1,22.99
1,1,86.64
1,1,55.36
2,1,106.88
2,1,15.63
3,1,143.42
6,2,330.84000000000003
1,1,68.98
3,1,44.17
1,1,36.58
5,2,65.95
4,1,26.19
4,1,64.86
1,1,369.7
11,3,199.12
1,1,16.89
2,1,35.99
1,1,113.28
11,1,54.9
2,1,120.34
4,1,176.8
1,1,52.97
1,1,23.99
1,1,55.08
7,1,187.97
2,1,53.27
6,1,69.76
5,2,1403.92
1,1,48.03
2,1,23.96
2,1,129.97
3,1,218.06
1,1,44.98
6,1,58.99
2,1,64.53
1,1,20.97
1,1,18.99
3,1,119.05
5,1,88.98
7,5,539.37
1,1,9.97
1,1,23.38
2,1,62.47
2,1,25.95
1,1,53.97
3,1,13.39
10,2,764.31
4,1,32.99
3,1,72.42
6,1,32.99
1,1,44.98
8,1,65.99
1,1,16.79
8,3,4034.48
5,1,157.14
2,1,34.38
2,1,14.19
3,2,311.69
1,1,23.19
5,1,92.69
2,1,29.19
7,3,362.48
6,1,386.7
3,1,88.99
1,1,333.51
2,1,64.59
2,1,30.18
1,1,843.7
1,1,1074.14
1,1,96.28
1,1,36.99
4,1,685.66
3,1,38.18
2,1,41.37
4,2,185.32999999999998
1,1,13.31
1,1,18.59
2,1,54.27
3,1,18.59
4,1,69.57
13,1,134.37
9,6,568.71
10,1,9.99
1,1,50.58
23,2,78.97
7,1,62.38
8,2,50.9
1,1,17.81
1,1,41.98
7,2,109.77000000000001
1,1,50.1
1,1,44.26
6,1,29.12
1,1,27.57
2,1,34.58
1,1,3.99
3,1,36.38
5,2,213.87
5,1,65.36
8,1,41.97
1,1,27.98
3,1,77.98
4,1,26.99
38,1,70.75
1,1,27.98
3,1,39.38
8,2,1356.6799999999998
4,1,96.58
2,1,40.98
3,1,183.24
1,1,485.6
1,1,36.01
5,1,75.69
5,1,59.29
7,1,17.2
1,1,760.74
2,2,166.39999999999998
4,1,63.55
2,1,18.0
2,1,24.99
2,1,31.38
10,2,796.46
5,2,146.74
3,1,25.58
6,1,365.45
6,1,12.99
1,1,124.18
3,1,24.78
8,1,21.2
13,3,719.71
4,1,159.15
1,1,25.39
1,1,75.97
3,1,38.99
13,1,425.73
4,1,46.77
6,1,25.99
14,6,3168.2
4,2,212.53
1,1,29.79
3,1,350.8
4,1,43.38
2,1,30.98
1,1,21.99
2,1,91.85
2,1,222.36
5,1,107.78
4,1,29.99
6,1,31.5
1,1,1037.21
1,1,48.35
3,1,201.99
1,1,163.54
7,1,78.96
1,1,75.84
2,1,23.97
2,1,21.82
1,1,28.49
4,1,46.77
1,1,64.17
4,1,1272.19
1,1,18.77
3,1,178.75
1,1,37.96
1,1,19.39
5,2,678.8499999999999
3,1,46.76
4,1,290.08
1,1,59.97
4,1,23.99
1,1,3.56
3,2,66.79
3,1,93.96
2,1,41.18
1,1,86.99
3,1,29.98
1,1,25.99
1,1,47.77
3,2,84.18
1,1,17.99
2,1,47.35
3,1,50.8
1,1,13.47
1,1,23.78
4,1,106.99
5,1,204.31
1,1,50.58
3,2,536.01
3,1,61.99
3,1,19.18
4,1,72.99
2,1,25.99
2,1,22.19
6,2,2301.92
3,1,141.65
3,2,581.15
14,2,226.39999999999998
1,1,103.53
1,1,109.96
7,1,52.77
2,1,178.45
5,1,74.33
3,1,32.57
8,1,260.91
1,1,40.67
1,1,14.99
4,1,96.99
7,1,38.07
1,1,36.78
1,1,17.78
5,1,307.94
1,1,83.57
3,1,62.89
3,1,61.07
3,1,85.36
1,1,58.99
3,1,75.89
2,1,61.99
4,1,22.57
3,1,63.99
1,1,29.96
5,1,21.19
9,2,265.46000000000004
1,1,88.97
1,1,31.99
1,1,411.15
2,1,175.61
1,1,215.3
2,1,16.96
2,1,52.79
1,1,174.95
7,1,76.19
2,1,42.59
2,1,18.1
1,1,21.99
1,1,27.98
5,1,76.18
1,1,32.92
3,1,145.51
2,1,63.95
2,1,19.99
3,1,58.58
2,1,34.78
8,1,185.97
2,1,25.99
3,1,36.59
3,1,28.18
3,1,375.74
2,2,51.41
5,2,180.55
2,1,17.94
1,1,37.48
1,1,193.43
2,1,41.59
2,1,29.99
1,1,105.97
2,1,72.76
1,1,33.98
17,3,771.55
2,1,56.06
5,1,211.63
5,1,47.99
1,1,11.48
4,1,81.99
2,2,159.98
3,1,129.06
2,1,116.01
4,2,71.98
2,1,33.98
3,1,113.85
4,1,56.06
1,1,58.16
4,1,40.99
3,2,247.07
2,1,13.39
1,1,91.45
5,1,392.54
3,1,108.17
1,1,22.47
2,1,30.91
7,1,55.12
1,1,724.3
1,1,11.99
1,1,39.98
1,1,66.76
3,1,174.68
2,1,27.99
13,1,915.2
11,2,231.95
6,1,27.8
7,1,20.69
1,1,11.99
1,1,42.8
7,1,69.46
1,1,49.98
7,1,18.98
2,1,22.59
5,3,526.0799999999999
10,4,102.56
1,1,13.21
5,1,18.98
3,1,16.99
7,1,44.65
1,1,23.2
3,1,53.79
1,1,53.98
2,1,76.75
1,1,262.95
1,1,38.58
2,1,50.36
2,2,91.27000000000001
10,1,45.97
2,1,102.96
5,1,50.98
1,1,32.19
5,2,376.99
24,4,2088.7000000000003
3,1,90.94
5,1,34.39
2,1,44.38
2,1,30.98
2,1,64.98
2,1,177.0
3,1,116.39
1,1,25.47
3,1,94.99
1,1,17.99
3,1,14.59
3,1,121.48
2,1,25.28
3,1,121.57
1,1,83.45
5,2,323.65000000000003
8,1,43.96
1,1,340.26
1,1,65.88
5,2,361.39
1,1,64.96
4,1,73.27
1,1,38.59
1,1,21.99
5,1,78.86
4,1,138.75
4,4,632.65
1,1,16.96
2,1,140.8
6,2,59.19
3,1,52.99
1,1,17.59
1,1,412.25
9,1,1551.26
3,1,38.57
1,1,20.96
2,1,859.0
1,1,110.92
1,1,160.41
3,1,61.99
1,1,51.79
2,1,10.99
20,2,22.58
5,1,101.92
1,1,23.99
1,1,30.59
2,1,120.96
1,1,128.9
1,1,25.99
2,1,48.58
3,1,462.0
1,1,64.07
2,1,98.96
3,1,48.59
1,1,62.96
4,1,78.9
2,1,5775.16
2,1,611.15
1,1,16.99
13,1,51.18
8,2,94.58
2,1,32.57
1,1,70.48
2,1,20.9
2,1,92.98
4,1,79.56
1,1,204.75
4,1,27.96
3,1,351.0
5,2,604.0799999999999
3,1,46.18
1,1,27.99
6,2,82.37
1,1,35.97
3,1,220.26
1,1,69.96
3,1,40.98
2,1,34.98
1,1,76.46
2,1,16.29
6,1,25.49
1,1,16.19
5,1,57.16
1,1,3428.0
5,2,32.48
2,1,24.99
8,2,3714.5
3,1,252.9
1,1,55.86
2,1,5.39
6,1,631.75
2,1,9.02
2,1,80.96
4,1,10.75
4,1,91.95
22,1,112.71
1,1,33.56
4,1,79.08
2,1,141.2
2,1,123.37
3,1,35.35
1,1,40.98
1,1,47.99
1,1,22.99
6,2,53.98
2,1,166.14
4,1,63.17
6,1,40.99
2,1,37.97
3,1,108.49
4,1,98.35
3,2,131.98
3,1,55.24
2,1,173.68
1,1,151.05
3,1,119.26
3,1,92.98
1,1,18.99
5,1,27.99
3,2,102.92999999999999
2,1,146.24
1,1,56.98
4,2,172.12
2,2,84.18
3,1,23.19
2,1,457.58
2,1,64.98
2,1,71.54
2,1,36.59
1,1,26.99
5,1,97.58
18,3,3803.8
2,1,7.98
2,1,44.57
7,1,110.99
9,1,116.93
2,2,37.97
2,2,141.17000000000002
2,1,91.58
2,1,56.97
9,4,444.86
3,1,18.39
1,1,28.95
1,1,63.99
1,1,36.0
19,1,75.44
9,2,181.28
2,1,42.99
1,1,28.99
9,2,371.77
2,1,7.99
6,2,445.68
1,1,56.99
6,1,109.45
5,1,378.98
3,1,32.99
1,1,52.79
2,1,27.98
6,1,46.77
1,1,12.59
1,1,203.8
2,1,59.99
13,4,703.1
5,1,143.63
10,2,545.79
3,2,25.189999999999998
4,1,114.17
1,1,59.89
1,1,43.97
4,1,173.42
2,1,37.98
6,1,81.76
3,2,81.18
3,1,94.99
5,1,23.99
1,1,774.4
1,1,36.84
2,1,399.95
1,1,18.19
2,1,24.19
2,1,122.16
4,1,325.0
1,1,21.19
12,1,120.74
1,1,25.99
2,1,24.99
1,1,53.38
5,1,15.99
7,1,36.98
4,1,90.58
5,1,123.65
5,1,70.49
2,1,54.75
1,1,20.99
1,1,34.59
1,1,11.96
2,1,61.78
2,1,49.96
1,1,43.68
1,1,4.99
1,1,219.58
1,1,38.92
2,1,40.74
4,1,62.66
1,1,33.38
1,1,50.82
2,2,1119.68
1,1,26.98
2,1,51.79
1,1,13.99
3,1,20.99
2,1,48.53
12,5,202.09
3,1,181.0
12,3,739.36
3,1,46.99
2,1,106.0
5,2,73.96
6,1,47.28
5,1,12.19
1,1,27.7
1,1,37.94
1,1,201.4
2,1,25.99
3,1,5.5
3,1,640.16
20,2,26.98
1,1,30.19
1,1,110.98
3,1,45.77
1,1,47.96
3,1,412.98
5,2,42.86
2,1,35.68
1,1,23.99
3,1,86.98
1,1,487.7
9,1,25.44
3,1,906.27
2,1,283.27
19,1,59.95
1,1,21.49
1,1,64.99
3,1,32.97
3,3,213.96
8,1,571.52
2,1,79.36
3,1,50.95
1,1,17.97
3,1,26.99
1,1,22.99
1,1,12.5
13,1,85.78
2,1,54.79
2,1,66.56
1,1,18.7
9,1,152.97
4,1,36.86
2,1,91.16
3,1,57.99
5,1,865.65
4,1,26.59
2,2,4619.4400000000005
4,1,41.59
5,1,7.98
1,1,39.59
4,1,39.38
1,1,19.99
2,1,19.59
5,1,100.45
1,1,50.97
6,4,1622.42
2,1,72.18
1,1,33.97
2,1,188.97
2,1,47.99
1,1,27.69
1,1,53.79
3,1,23.99
3,1,24.99
2,1,32.98
1,1,96.98
3,1,16.55
2,1,173.92
1,1,37.3
1,1,44.28
2,1,16.38
6,1,22.99
4,1,72.97
5,1,18.99
1,1,112.0
13,1,50.38
3,1,56.0
1,1,25.99
1,1,15.99
1,1,82.19
2,1,68.17
3,1,34.59
2,1,47.81
2,1,247.56
33,4,11229.099999999999
1,1,34.78
7,1,45.79
1,1,122.96
3,1,1699.5
2,1,71.14
1,1,65.94
7,2,165.35
4,1,125.7
3,1,20.99
4,1,109.05
1,1,13.8
11,1,25.06
3,2,54.98
1,1,70.18
2,2,96.98
3,1,12.98
3,1,81.99
3,1,102.34
2,1,94.84
2,1,20.19
1,1,83.51
2,1,47.58
5,1,86.96
4,2,106.5
4,1,53.47
1,1,20.99
1,1,27.99
2,1,5.99
3,1,105.91
2,1,343.13
1,1,16.29
1,1,30.78
2,1,18.19
29,3,208.39
9,1,21.98
1,1,103.74
9,2,360.4
7,1,27.98
3,1,26.98
1,1,27.99
1,1,37.18
1,1,185.98
2,1,507.3
1,1,102.99
1,1,18.59
2,1,34.59
8,2,1160.92
3,1,83.04
1,1,19.78
2,1,56.97
2,1,56.36
1,1,70.17
1,1,12.97
3,1,49.99
1,1,14.19
1,1,85.94
2,1,96.98
1,1,543.98
9,1,593.68
3,1,61.78
1,1,232.84
2,1,184.8
1,1,31.0
3,1,125.8
4,1,93.74
6,1,31.81
4,1,257.85
2,1,113.99
5,1,104.66
2,2,176.17000000000002
2,1,89.24
1,1,41.82
2,1,29.18
4,1,64.59
6,1,34.59
4,1,174.66
5,3,339.82
1,1,104.99
3,1,58.83
3,1,226.88
5,1,149.16
3,1,29.18
1,1,25.99
6,1,421.4
1,1,188.48
2,1,29.99
1,1,37.68
2,1,1012.0
81,8,704.27
3,1,58.15
4,1,45.37
3,1,22.99
3,1,46.98
2,1,165.43
5,1,58.56
2,1,32.2
3,2,39.760000000000005
5,1,11.99
1,1,226.95
3,1,45.98
1,1,36.59
6,1,147.92
1,1,133.98
4,1,68.56
1,1,40.98
3,1,46.79
3,1,15.63
6,2,313.84999999999997
4,1,31.98
1,1,2.99
5,1,49.78
1,1,147.34
17,3,1022.24
3,1,4289.7
13,1,31.37
2,1,46.97
6,2,128.26
7,1,183.28
4,1,19.99
2,1,18.49
11,2,373.69
4,1,11.49
1,1,66.36
3,1,16.19
1,1,68.04
2,1,761.08
2,1,32.78
5,1,33.56
3,1,37.39
3,1,45.02
9,1,14.99
11,2,84.49
4,1,41.59
1,1,199.0
1,1,19.63
1,1,14.59
1,1,132.8
1,1,77.95
5,1,300.85
2,1,33.78
2,1,20.19
3,1,111.53
5,1,53.78
1,1,359.8
2,1,153.44
7,1,292.95
6,3,107.17
4,1,49.18
3,1,374.1
1,1,25.19
3,1,57.07
1,1,34.99
5,1,24.4
2,1,29.5
1,1,12.99
5,1,66.99
1,1,402.08
9,1,807.44
3,1,64.99
6,2,143.05
1,1,14.57
6,1,138.15
1,1,19.48
2,1,210.85
5,2,122.17000000000002
2,1,37.59
1,1,27.4
4,1,563.8
1,1,25.99
1,1,39.59
10,1,21.99
1,1,384.67
1,1,164.7
4,1,68.18
1,1,176.7
3,1,21.29
4,2,589.4
5,1,53.79
1,1,23.99
5,1,69.59
1,1,802.7
2,1,29.47
1,1,31.99
1,1,68.17
2,1,58.99
1,1,25.99
3,2,842.72
4,1,40.98
2,1,83.59
1,1,41.27
2,1,198.65
3,1,363.83
2,1,13.39
7,1,35.62
2,1,70.95
1,1,21.99
1,1,8.38
3,2,570.74
3,1,32.81
1,1,98.94
3,1,3.73
2,1,44.93
8,2,631.53
6,1,50.79
2,1,153.85
4,1,247.92
3,1,24.99
4,1,61.94
2,1,49.8
1,1,25.98
2,1,125.99
1,1,23.99
2,1,31.78
3,1,46.98
4,1,912.4
3,1,42.98
1,1,64.88
1,1,27.98
3,1,22.19
4,1,84.08
14,3,135.35
2,1,16.6
1,1,102.99
5,1,145.39
3,1,110.38
1,1,21.4
2,1,53.79
3,1,48.97
1,1,70.56
1,1,64.98
2,1,15.98
2,1,53.37
3,1,616.85
3,1,69.18
4,1,21.99
10,1,113.98
2,1,244.09
1,1,28.98
6,1,37.59
4,1,16.99
1,1,21.57
1,1,130.72
1,1,56.74
11,1,210.67
8,2,501.83
29,1,29.18
1,1,54.16
4,1,23.59
2,1,70.84
3,1,34.79
2,1,19.99
3,1,196.7
2,1,31.68
1,1,15.99
1,1,3027.1
1,1,21.99
7,1,248.45
1,1,31.98
2,1,97.7
7,1,287.5
1,1,68.99
1,1,64.97
4,2,149.32
5,2,67.97
8,1,21.99
1,1,83.99
4,1,118.34
1,1,124.96
5,1,13.48
4,2,62.89
1,1,140.6
3,1,19.59
4,1,66.55
30,1,21.99
3,1,147.22
5,4,489.49
1,1,37.59
2,1,15.99
2,1,193.18
1,1,176.75
3,1,24.1
3,1,47.79
2,1,52.97
2,1,46.38
4,1,73.98
1,1,46.98
1,1,71.18
2,2,343.51
1,1,67.44
1,1,22.93
1,1,24.18
5,1,115.72
1,1,43.45
2,1,5.99
3,1,37.77
1,1,105.99
1,1,40.98
20,7,1199.34
3,1,71.14
1,1,495.93
1,1,135.92
2,1,62.36
2,1,49.85
2,2,259.59
4,1,104.99
1,1,16.95
2,1,48.98
12,1,105.0
5,1,67.97
2,1,120.44
2,1,16.89
1,1,125.1
1,1,108.9
11,1,337.91
9,1,18.59
1,1,197.98
2,1,43.98
3,1,32.38
3,1,55.38
2,1,62.87
39,8,4104.64
4,2,283.57
3,1,24.15
1,1,31.98
2,1,43.19
3,1,18.99
4,1,35.96
1,1,34.39
1,1,49.97
1,1,58.56
2,1,30.38
7,1,51.79
6,2,205.5
3,1,85.98
1,1,75.55
2,1,30.37
16,5,2458.15
1,1,60.98
1,1,754.3
1,1,44.98
1,1,231.95
2,1,6.99
10,2,38.9
2,1,34.59
1,1,136.46
1,1,23.99
1,1,127.98
3,1,110.56
1,1,37.78
1,1,184.21
1,1,137.93
1,1,80.56
3,1,55.97
5,1,555.0
1,1,74.97
2,1,18.59
1,1,38.98
2,1,23.99
2,1,17.99
6,1,104.33
3,1,40.59
1,1,21.99
11,1,262.44
1,1,53.97
1,1,6.99
7,1,268.89
3,1,60.97
4,1,166.76
3,1,51.24
1,1,34.04
2,1,49.49
1,1,32.12
1,1,215.95
1,1,94.26
2,1,50.61
3,1,115.02
2,1,14.49
3,1,296.43
3,1,26.18
1,1,81.99
2,1,23.99
1,1,242.7
3,1,11.99
2,1,131.93
34,5,3494.37
3,1,26.36
5,1,63.59
2,1,364.64
2,1,46.98
2,1,34.59
8,2,64.98
1,1,32.18
1,1,27.97
4,1,57.07
1,1,230.37
3,1,79.16
1,1,91.8
1,1,58.85
2,1,807.93
3,1,139.42
2,1,76.57
3,1,22.95
4,1,14.68
5,1,209.57
2,1,35.99
6,1,22.99
3,1,17.18
2,1,23.98
1,1,32.98
9,2,1606.65
4,1,100.14
2,1,22.59
7,1,23.99
2,1,37.98
3,1,21.39
26,1,82.99
6,1,45.21
4,1,242.85
2,1,70.7
2,1,8.99
3,3,722.86
6,1,22.57
4,1,177.73
1,1,22.09
2,1,9.99
3,1,81.99
2,1,71.18
6,1,67.96
2,1,31.84
7,1,16.47
1,1,28.28
3,1,593.84
3,2,37.489999999999995
1,1,53.47
2,1,40.98
1,1,93.89
24,16,10364.35
1,1,60.99
1,1,33.98
1,1,97.58
3,1,313.06
1,1,36.98
6,5,1066.35
5,1,36.98
2,1,50.79
2,1,59.96
1,1,29.98
3,1,30.98
1,1,23.99
3,1,34.59
5,1,33.18
10,2,144.95000000000002
2,1,20.58
2,1,33.99
4,1,128.97
1,1,67.95
3,2,1081.8799999999999
1,1,21.99
2,1,60.18
4,1,27.98
5,3,385.65999999999997
5,2,96.58
8,1,99.94
4,1,47.37
1,1,37.49
1,1,12.59
8,1,50.94
1,1,16.99
6,2,249.19
1,1,21.26
3,1,47.48
1,1,338.4
3,1,38.57
7,2,58.05
3,1,109.22
2,1,28.98
3,1,108.63
2,1,37.67
1,1,80.35
1,1,27.99
1,1,52.0
5,1,48.37
9,1,18.52
1,1,24.48
12,1,144.3
2,2,132.32
2,1,15.59
7,2,1385.1399999999999
3,1,63.0
3,1,59.97
9,1,506.75
3,1,152.88
5,3,576.61
2,1,21.99
2,1,33.78
1,1,51.89
3,1,72.18
1,1,44.38
1,1,329.96
10,2,718.45
2,1,75.57
3,1,144.74
4,1,20.96
1,1,32.18
5,1,88.46
2,1,14.98
4,1,19.99
1,1,22.58
5,1,7.79
8,2,118.97999999999999
1,1,29.86
1,1,37.59
3,1,100.99
3,2,89.97999999999999
3,1,76.62
11,2,88.35
7,1,1750.82
2,1,137.98
2,1,61.98
1,1,62.99
1,1,35.98
4,2,509.51
4,2,112.57
6,1,611.99
10,2,926.0400000000001
3,1,30.19
7,2,214.73
1,1,43.99
6,1,268.55
1,1,14.99
1,1,26.39
14,1,46.64
4,1,80.99
1,1,112.18
2,1,44.17
8,3,407.49
2,1,347.1
3,1,44.99
6,1,30.94
1,1,36.59
2,1,13.98
1,1,130.36
1,1,15.99
3,1,28.38
1,1,37.38
4,2,113.93
13,4,2361.71
1,1,159.35
2,1,66.55
1,1,39.32
1,1,56.46
5,1,21.99
3,1,56.78
1,1,61.98
20,1,43.2
3,1,144.7
2,1,158.7
11,4,1896.74
1,1,16.99
3,1,39.98
1,1,103.77
2,1,177.03
1,1,29.98
4,1,89.32
10,3,204.16
3,1,142.97
1,1,31.47
4,1,34.99
3,1,208.58
2,1,253.76
4,1,68.99
5,1,84.76
1,1,48.18
5,2,350.1
4,1,19.97
1,1,33.98
2,1,60.21
2,1,425.7
2,1,94.59
2,1,16.96
3,1,59.54
3,1,33.97
5,2,97.98
1,1,22.99
2,1,44.98
1,1,50.08
1,1,20.99
2,1,69.59
1,1,44.17
1,1,15.99
13,1,43.86
3,1,33.38
1,1,56.72
7,1,144.7
2,1,35.98
2,1,117.26
2,1,565.25
1,1,22.97
2,1,38.98
1,1,35.98
4,2,418.38
5,3,1352.0
2,1,49.01
2,1,26.98
1,1,199.58
3,1,67.8
8,1,208.0
6,3,138.35999999999999
1,1,58.46
2,1,113.97
2,1,78.76
5,1,27.9
3,1,151.4
4,1,101.48
2,1,73.18
1,1,141.95
1,1,9.5
1,1,220.52
1,1,32.09
3,2,122.12
2,1,59.99
1,1,134.82
4,4,603.5699999999999
1,1,37.97
2,2,94.96
2,1,134.1
2,1,116.17
4,1,63.99
1,1,186.86
1,1,208.64
3,1,28.98
5,2,585.69
5,1,91.13
1,1,78.55
1,1,49.95
1,1,63.57
2,1,16.59
1,1,34.28
2,1,157.22
4,1,77.85
2,1,41.98
2,1,40.16
3,1,19.99
3,1,51.54
2,1,41.79
17,3,96.44
1,1,20.47
1,1,63.99
4,1,86.95
4,1,70.95
2,1,110.3
1,1,78.0
1,1,82.9
3,1,185.92
3,2,50.33
11,1,14.59
1,1,22.99
1,1,32.41
1,1,543.8
5,1,18.31
2,1,90.34
1,1,24.98
3,1,144.64
4,1,46.79
3,1,150.34
7,4,838.86
8,2,93.66
3,1,27.99
1,1,107.77
4,1,48.99
1,1,73.77
1,1,22.59
3,1,153.77
4,1,180.28
2,1,486.0
3,1,49.79
1,1,31.58
12,1,530.39
5,1,1455.77
4,1,115.13
1,1,67.69
5,1,101.94
3,1,33.99
6,1,24.99
1,1,114.56
2,1,26.99
6,1,297.46
1,1,54.0
1,1,43.37
1,1,136.48
2,1,122.47
8,1,70.76
1,1,127.38
2,1,46.97
3,1,87.19
4,2,70.57000000000001
1,1,223.43
2,1,24.99
2,1,25.29
10,1,48.79
5,1,286.88
3,1,32.78
4,2,399.0
3,1,6.98
1,1,80.96
2,1,30.29
2,1,63.99
22,1,378.65
1,1,213.7
1,1,103.33
2,1,22.99
3,1,75.27
3,1,80.49
3,1,25.99
3,1,8.5
1,1,45.98
3,1,80.99
4,1,149.99
4,1,46.36
2,1,745.48
1,1,42.98
1,1,130.45
7,1,313.67
2,1,50.79
1,1,55.59
1,1,80.06
2,1,13.99
2,1,103.96
2,1,71.32
2,1,388.8
1,1,103.23
11,5,2986.54
6,1,161.96
6,1,62.59
2,1,85.99
15,2,598.88
6,1,87.19
2,1,32.99
1,1,87.15
1,1,28.98
1,1,1268.4
2,1,17.99
7,1,25.49
1,1,24.38
2,1,21.99
1,1,298.76
1,1,61.97
6,1,32.97
1,1,22.59
3,2,87.78
2,1,21.99
2,1,52.49
6,1,240.7
1,1,119.94
2,1,27.97
2,1,41.99
2,1,47.99
3,1,73.97
4,1,126.14
5,1,59.36
4,1,18.99
1,1,34.84
3,1,27.97
2,1,36.19
1,1,23.99
1,1,41.8
8,2,160.51999999999998
2,1,62.99
4,1,91.67
1,1,34.19
1,1,42.99
6,1,65.99
1,1,138.29
5,1,41.99
1,1,30.96
4,1,18.59
21,1,40.68
1,1,19.79
1,1,70.25
2,1,79.15
1,1,52.37
3,1,29.98
5,1,51.95
4,1,47.97
3,1,21.09
13,1,22.48
2,1,288.6
4,2,98.36
1,1,11.57
1,1,9.5
1,1,14.57
1,1,20.99
2,1,24.27
5,3,100.7
5,2,76.96
13,3,374.91
2,1,18.99
2,1,56.97
1,1,84.33
1,1,33.19
4,1,114.17
3,2,182.97
5,1,110.46
4,1,16.99
4,1,161.17
3,1,71.98
1,1,74.18
1,1,355.49
2,1,173.48
2,1,615.48
6,1,37.18
2,1,83.98
4,2,86.35
2,1,24.38
3,1,26.77
4,1,171.56
4,1,48.55
4,1,48.77
8,1,49.79
2,1,193.72
2,1,66.9
5,1,94.02
1,1,20.79
2,1,196.08
1,1,78.46
2,1,57.74
10,1,166.97
6,1,130.15
3,1,87.38
4,1,23.99
3,1,25.59
4,1,107.96
4,1,98.57
2,1,41.98
1,1,28.98
3,1,58.37
4,1,47.98
3,1,23.99
5,1,35.3
2,1,23.98
7,1,355.97
5,1,26.91
2,1,38.59
4,1,106.19
3,1,71.97
6,1,5608.4
2,1,31.5
2,1,63.36
1,1,15.18
1,1,56.99
1,1,32.39
2,2,132.59
3,1,26.99
2,1,26.47
4,1,281.75
2,1,63.99
1,1,628.0
1,1,21.59
1,1,79.97
1,1,29.98
5,1,31.38
2,1,34.59
15,1,64.77
5,1,154.89
2,1,40.9
1,1,39.98
1,1,33.19
1,1,87.0
24,2,328.21999999999997
6,2,150.98
6,4,472.7
1,1,47.97
1,1,519.24
3,1,24.44
1,1,15.76
5,1,149.94
2,1,221.94
1,1,8.99
2,1,116.6
6,1,31.9
1,1,44.77
2,1,32.28
2,1,27.26
1,1,51.96
1,1,117.34
5,1,35.59
3,1,558.61
1,1,63.97
6,1,1095.86
3,1,19.19
6,1,122.94
5,1,42.59
4,2,763.4
2,1,85.39
2,1,96.59
4,2,413.18
2,1,79.98
1,1,89.07
2,1,40.68
1,1,35.59
3,1,377.2
2,2,188.55
5,1,185.41
1,1,48452.25
4,1,143.98
3,1,76.37
2,1,579.5
7,1,58.98
8,1,91.43
1,1,24.99
2,1,42.97
1,1,69.57
3,1,156.97
3,1,34.59
5,1,71.95
5,1,30.82
9,2,401.02
1,1,35.19
2,1,1155.76
5,1,228.85
4,1,46.87
1,1,37.18
5,1,9.4
4,1,92.19
7,2,150.91
5,2,175.3
5,1,293.07
3,1,267.78
2,1,34.84
1,1,46.98
4,1,35.79
17,1,38.94
4,1,66.18
2,1,114.48
4,1,23.68
1,1,12.63
4,1,40.15
6,1,63.58
2,1,166.38
5,1,26.99
1,1,11.99
3,1,22.99
1,1,24.99
2,1,65.58
2,1,97.21
3,1,142.58
2,1,91.34
1,1,22.59
2,1,70.7
1,1,22.59
3,1,64.47
2,1,81.67
3,1,67.97
1,1,138.0
6,1,23.73
7,2,537.98
13,3,412.63
2,1,35.48
2,1,67.96
2,1,140.37
1,1,77.1
1,1,27.99
7,1,118.39
1,1,68.78
2,1,9.97
2,1,57.96
1,1,58.97
12,2,401.05
2,1,287.37
1,1,225.05
1,1,100.99
32,6,3994.18
1,1,87.96
2,1,147.23
6,1,87.7
2,1,25.18
2,1,26.99
4,2,115.78
4,2,106.96000000000001
5,1,39.99
11,1,172.73
1,1,33.98
4,1,30.0
1,1,82.54
2,1,206.9
1,1,68.48
1,1,76.8
1,1,77.98
1,1,21.99
1,1,20.0
2,1,24.17
1,1,93.97
3,1,52.79
4,1,343.31
6,1,129.94
8,1,27.38
4,1,798.08
4,1,35.39
1,1,49.07
4,2,1937.55
3,1,55.17
8,1,5314.0
3,1,30.58
1,1,54.37
1,1,67.96
6,1,38.39
2,1,8.99
2,1,45.57
2,1,37.69
1,1,34.99
2,1,28.98
1,1,44.18
2,1,53.78
1,1,105.98
4,1,87.31
6,1,16032.75
3,2,934.15
1,1,53.58
4,2,53.38
2,1,243.28
1,1,392.52
1,1,62.43
2,1,83.96
1,1,24.99
1,1,20.59
1,1,47.78
1,1,5.99
1,1,29.49
2,1,83.99
1,1,62.96
1,1,13.79
3,1,169.97
3,1,133.52
6,1,31.0
2,1,87.26
1,1,89.74
5,1,331.2
1,1,137.05
4,1,20.99
1,1,96.99
4,1,22.99
2,1,39.46
5,1,84.58
1,1,23.99
1,1,67.46
1,1,44.93
5,1,99.13
2,1,111.95
4,1,65.99
15,3,127.91
2,1,58.7
2,1,54.58
2,1,40.59
1,1,28.9
49,1,14.99
5,1,36.21
5,1,112.94
4,3,550.64
4,1,58.82
5,1,85.92
2,1,87.0
5,1,74.03
2,1,28.9
4,1,20.59
1,1,93.97
1,1,21.99
6,1,14.99
5,1,42.98
2,1,16.98
8,1,124.38
5,1,48.96
22,2,92.61
1,1,24.99
7,1,62.99
1,1,116.93
1,1,18.99
1,1,98.97
7,1,93.88
3,1,1416.06
1,1,10.95
9,1,25.99
4,2,534.79
1,1,86.99
2,1,21.19
5,1,88.99
2,1,15.99
2,1,22.99
5,2,700.22
2,1,47.27
2,1,26.98
3,1,74.96
15,2,727.38
1,1,98.35
1,1,34.78
1,1,515.37
3,1,43.17
1,1,9.99
1,1,109.65
1,1,32.67
1,1,131.93
2,1,31.39
3,1,18.99
3,1,36.98
3,1,382.85
5,1,84.14
6,1,221.5
11,1,82.99
6,2,364.0
2,1,84.39
1,1,45.7
2,1,125.78
1,1,21.99
2,1,51.99
2,1,103.96
1,1,61.01
1,1,70.55
3,1,22.29
4,1,49.83
2,1,19.99
8,2,207.95
4,1,32.57
10,1,218.0
1,1,46.79
7,2,429.25
3,1,66.89
2,1,51.37
3,1,36.98
2,1,19.59
1,1,116.18
6,1,38.58
1,1,46.97
10,2,104.58
1,1,93.95
1,1,106.0
1,1,151.98
6,2,199.87
6,1,68.99
2,1,328.25
2,1,56.0
1,1,13.39
2,1,20.99
2,1,166.75
5,2,166.09
6,1,19.89
2,1,12.79
6,2,473.1
7,3,671.53
7,2,89.22
2,1,98.97
2,1,160.8
3,1,30.0
6,1,21.99
8,1,180.88
1,1,50.38
1,1,67.95
3,1,13.63
4,2,188.6
4,1,63.96
3,1,32.99
1,1,20.99
1,1,54.96
1,1,18.43
1,1,32.99
1,1,32.99
2,1,103.7
13,1,26.99
5,1,215.0
5,1,69.95
2,1,31.14
2,1,53.99
1,1,26.74
3,1,47.58
3,1,22.98
4,2,113.72999999999999
3,1,12.98
4,2,122.32
1,1,20.99
1,1,20.99
2,1,14.99
1,1,17.99
1,1,38.28
1,1,276.6
1,1,27.98
1,1,61.07
3,1,51.8
3,1,139.35
1,1,37.49
1,1,32.68
3,1,35.78
3,1,30.46
1,1,104.77
3,1,81.99
12,1,403.0
8,1,26.89
2,1,12.97
3,1,109.8
2,1,29.0
2,1,41.59
2,2,79.73
1,1,139.89
1,1,18.99
4,1,24.49
1,1,53.98
2,1,17.28
2,1,20.97
3,1,1358.09
3,1,22.99
1,1,43.13
2,1,21.59
4,1,32.98
2,1,198.48
2,1,16.19
9,2,572.85
1,1,26.99
1,1,6.99
5,2,65.98
1,1,51.79
9,1,27.99
1,1,1181.79
2,1,127.44
4,1,201.9
3,1,42.93
8,1,52.79
1,1,26.98
3,1,33.98
1,1,60.99
4,1,34.39
2,1,50.79
1,1,27.99
3,1,308.08
1,1,101.97
1,1,59.55
7,1,226.01
3,1,654.0
6,1,19.19
2,1,83.93
1,1,9.98
2,1,48.79
1,1,29.99
4,1,29.98
4,1,203.8
5,1,67.36
8,1,85.99
1,1,44.76
5,2,74.65
2,1,122.99
1,1,20.59
2,1,45.98
3,1,114.15
1,1,46.39
10,1,18.99
5,1,59.22
3,1,285.3
2,1,13.99
13,3,204.54
1,1,18.94
2,1,37.78
2,1,108.15
7,1,30.98
3,1,275.42
1,1,49.03
1,1,20.99
2,1,87.99
3,1,43.98
2,1,18.19
1,1,28.97
1,1,19.98
13,2,479.72
1,1,76.62
7,1,239.42
10,1,152.74
2,1,16.99
3,1,29.79
8,2,308.38
8,1,54.16
2,1,94.2
1,1,17.79
2,1,36.98
1,1,70.38
1,1,18.99
7,1,120.88
1,1,20.7
1,1,22.5
1,1,200.17
2,2,160.52
2,1,100.78
4,1,1666.74
2,1,15.99
1,1,31.48
6,1,483.6
4,1,58.98
2,1,41.17
7,1,44.99
1,1,84.19
1,1,30.98
1,1,157.7
9,2,121.67999999999999
6,1,415.65
1,1,6.98
4,1,22.97
23,1,70.18
1,1,23.38
3,1,112.36
5,1,46.57
8,1,40.18
15,5,307.01
2,1,45.17
3,1,24.49
2,1,36.98
2,1,30.98
1,1,43.99
7,1,53.79
1,1,19.99
28,7,4415.03
1,1,73.8
2,1,74.77
9,1,52.0
7,1,117.12
6,2,123.72
4,1,216.73
2,1,34.38
1,1,47.0
10,1,136.96
2,2,145.98
1,1,40.59
4,1,43.59
1,1,41.19
2,1,32.18
15,1,27.98
3,2,46.19
5,1,423.2
2,1,32.18
22,1,33.56
1,1,27.99
2,1,200.24
1,1,272.7
4,1,44.16
1,1,9.59
4,1,19.59
7,1,90.5
2,1,20.97
7,1,22.19
3,1,495.4
1,1,22.96
3,1,45.79
8,2,194.69
1,1,200.55
4,1,141.32
2,1,19.97
4,1,23.19
1,1,15.0
1,1,127.18
3,1,45.19
3,1,85.99
2,1,465.05
1,1,199.88
3,1,226.68
2,1,31.99
1,1,53.46
10,2,400.31
1,1,23.99
3,1,21.59
1,1,25.54
14,1,83.98
9,1,28.55
1,1,199.95
4,2,565.87
2,1,59.75
1,1,25.99
3,1,191.18
2,1,25.99
1,1,85.25
3,1,21.79
4,1,32.38
2,1,81.97
7,1,25.45
8,1,162.37
19,1,42.91
4,2,57.209999999999994
2,1,67.91
1,1,19.99
3,1,38.39
2,1,46.48
3,1,39.38
3,2,141.16
1,1,138.96
1,1,26.58
2,1,15.37
2,1,21.19
8,1,22.99
6,2,1009.5799999999999
1,1,43.98
3,1,143.67
2,1,228.74
2,1,36.5
5,1,349.43
2,1,23.99
4,1,16.45
3,1,36.19
1,1,53.95
1,1,128.97
1,1,70.97
6,2,298.61
1,1,24.99
1,1,84.74
2,1,14.6
4,1,19.39
2,1,25.99
6,1,27.36
4,1,27.98
3,1,1292.26
5,1,380.96
2,1,24.98
2,1,43.59
2,1,107.48
8,1,16.99
4,1,59.75
2,1,57.17
1,1,98.2
3,1,2.99
4,1,52.97
10,5,3285.28
2,1,24.99
2,1,40.98
3,1,462.1
1,1,15.59
3,3,161.73000000000002
2,1,23.98
4,1,146.57
2,2,119.86
2,1,94.97
1,1,66.52
2,1,20.59
4,2,612.67
3,1,43.37
1,1,106.73
2,1,306.5
5,1,28.99
5,1,38.86
1,1,353.04
2,1,216.75
1,1,11.19
2,1,29.98
1,1,25.99
7,2,345.61
1,1,24.99
1,1,44.96
1,1,777.29
2,1,43.83
1,1,18.99
1,1,58.96
1,1,24.19
9,1,511.5
1,1,34.39
4,1,28.99
1,1,22.18
2,1,533.95
1,1,117.96
2,1,42.99
1,1,141.07
13,4,103.66
1,1,41.86
5,1,17.99
5,1,116.98
1,1,61.32
2,1,52.97
1,1,38.98
3,1,80.85
1,1,185.12
1,1,72.7
13,2,351.63
3,1,111.13
1,1,44.99
1,1,16.5
2,2,354.0
14,1,26.37
6,1,243.0
1,1,19.99
3,1,23.49
3,1,10.99
3,1,671.8
2,2,98.58
4,1,37.68
2,1,145.91
3,1,61.99
1,1,161.98
3,1,36.59
2,1,27.03
8,1,36.02
5,2,477.03000000000003
1,1,35.24
2,1,30.19
1,1,35.99
2,1,37.98
4,1,13939.4
2,1,44.98
2,1,116.17
1,1,142.71
1,1,284.33
3,1,184.81
7,1,28.57
1,1,19.19
3,1,4013.56
1,1,28.29
3,1,35.78
5,1,49.98
2,1,112.96
1,1,59.0
5,2,80.7
4,1,400.86
1,1,87.52
17,2,168.5
6,2,215.15
2,1,36.78
2,1,151.11
1,1,198.42
1,1,113.18
2,1,73.94
1,1,58.58
1,1,172.08
2,1,19.95
6,1,54.64
2,1,72.99
8,1,53.79
1,1,24.49
5,1,33.97
3,1,128.9
2,1,335.0
4,1,164.43
1,1,40.94
2,1,79.67
1,1,31.99
2,1,37.77
2,1,46.99
3,1,20.99
1,1,31.97
4,1,21.99
1,1,96.99
4,1,43.55
1,1,15.59
1,1,104.4
1,1,42.19
17,1,537.1
3,1,132.85
3,1,40.59
2,1,15.39
7,1,165.38
5,1,748.27
3,1,33.78
3,1,35.99
3,1,32.78
1,1,39.45
4,1,793.65
3,1,287.0
2,1,35.98
1,1,465.5
1,1,31.98
1,1,49.76
4,1,55.99
2,1,52.95
1,1,19.99
10,1,36.02
1,1,10.99
1,1,25.96
1,1,60.98
4,1,195.94
2,1,28.36
1,1,16.98
1,1,49.48
4,1,35.98
3,2,425.45000000000005
2,1,52.27
1,1,47.79
2,1,21.98
2,1,43.1
1,1,39.96
4,1,56.13
1,1,234.94
12,1,26.99
1,1,93.97
12,1,98.86
3,2,95.39
1,1,38.38
7,2,113.37
1,1,17.19
2,1,39.59
2,1,30.94
2,2,69.66999999999999
1,1,103.58
4,1,50.96
3,1,25.88
2,1,23.99
1,1,77.76
3,1,31.38
4,1,49.98
4,1,38.97
1,1,33.98
18,1,49.79
8,2,533.0
21,1,147.92
1,1,82.46
1,1,45.96
6,1,89.98
4,1,62.99
1,1,17.99
2,1,55.29
5,1,37.09
1,1,32.98
2,1,28.92
1,1,63.97
4,1,109.57
1,1,27.78
2,1,28.99
2,1,67.47
2,1,74.72
1,1,75.7
9,3,104.29
2,1,7.98
1,1,188.95
4,1,35.98
2,1,74.55
1,1,10.99
1,1,60.37
1,1,12.79
2,1,322.14
11,1,179.32
1,1,26.98
2,1,50.43
4,1,122.98
2,1,36.98
2,1,39.08
4,2,124.75
2,1,106.99
5,2,87.83
2,1,422.5
4,1,54.54
9,2,99.94
5,1,18.4
1,1,103.54
3,1,11.39
3,1,14.69
11,1,37.33
5,1,105.99
2,1,61.99
2,1,16.99
4,1,308.54
1,1,34.19
1,1,43.99
1,1,28.47
2,1,45.98
4,1,121.98
1,1,22.99
6,1,48.21
3,1,22.99
4,1,24.78
2,2,297.89
5,1,77.71
1,1,75.38
1,1,18.58
4,1,61.17
1,1,11.97
2,1,36.98
1,1,33.98
1,1,33.47
1,1,25.99
6,1,137.37
2,1,49.97
1,1,66.99
1,1,28.97
2,1,56.99
4,1,84.97
2,1,156.84
1,1,16.19
4,2,139.72
8,2,829.5
4,1,25.99
2,1,197.84
4,2,1530.31
1,1,21.99
2,1,18.99
4,1,47.79
4,1,78.18
1,1,33.01
3,1,820.66
4,1,1155.6
5,1,37.09
2,1,68.99
6,1,11.9
1,1,37.67
5,1,36.59
5,3,109.35
7,1,745.38
1,1,19.99
3,1,35.99
3,1,108.55
5,2,334.81
4,1,88.3
5,2,276.71999999999997
3,1,83.17
2,1,28.18
2,1,82.98
2,1,15.96
2,2,170.83
3,1,46.79
1,1,69.97
1,1,96.9
4,1,108.76
7,1,64.99
4,1,39.0
2,1,38.99
11,1,23.99
8,1,22.99
2,1,8.99
5,1,31.38
2,2,86.32
2,1,17.99
2,1,133.96
1,1,68.18
5,1,236.99
2,1,26.0
3,1,77.99
1,1,29.48
1,1,107.33
2,1,39.18
11,1,204.47
1,1,29.99
4,1,26.98
2,1,84.98
2,1,4.47
1,1,52.79
2,1,32.86
1,1,143.01
2,1,620.7
3,1,1563.18
1,1,475.12
3,1,36.17
1,1,28.49
3,1,12.5
1,1,64.29
2,1,52.77
3,1,485.3
3,1,64.78
10,1,46.18
5,2,43.36
1,1,24.19
6,1,81.36
5,1,21.58
2,1,70.93
1,1,114.36
2,1,116.42
1,1,22.99
1,1,45.08
9,1,66.56
4,1,53.79
7,1,62.69
2,1,58.36
18,1,31.97
1,1,20.99
4,1,27.19
4,1,72.76
1,1,20.99
3,1,45.79
1,1,34.59
2,1,95.1
1,1,48.78
1,1,44.99
1,1,20.19
2,1,87.86
2,1,39.59
1,1,27.27
2,1,77.57
2,1,104.53
7,1,17.38
2,1,22.99
11,1,68.56
4,1,1127.8
6,1,47.27
8,1,95.85
4,1,25.98
3,1,30.18
3,1,424.0
4,1,78.67
3,1,44.18
1,1,29.97
1,1,766.14
2,1,65.97
4,2,66.98
11,1,17.49
1,1,45.98
4,2,81.53999999999999
1,1,27.18
1,1,20.29
5,1,183.45
4,1,21.19
4,1,31.27
1,1,149.56
9,1,503.9
4,1,53.17
1,1,80.98
1,1,16.99
6,1,28.38
3,2,183.57
1,1,20.19
1,1,8.49
7,2,111.93
13,1,116.61
3,1,10.98
18,1,79.98
4,1,185.67
2,1,221.56
5,1,43.48
1,1,22.99
7,2,170.95999999999998
3,1,364.35
2,1,24.99
3,1,25.26
1,1,79.77
2,1,98.93
6,3,774.4000000000001
5,1,47.98
3,1,124.56
2,1,106.99
1,1,197.83
1,1,30.18
1,1,28.99
3,1,367.51
1,1,45.98
1,1,55.44
2,1,292.19
3,1,191.77
1,1,45.98
4,1,90.97
3,1,38.39
1,1,34.98
8,1,40.85
1,1,21.99
1,1,51.41
3,1,107.0
1,1,25.99
1,1,42.66
1,1,32.98
3,1,55.37
2,1,41.57
4,1,71.74
3,1,83.99
2,1,18.99
2,1,82.99
2,1,50.78
2,1,25.99
3,1,114.61
12,1,50.96
2,1,80.99
2,1,17.99
3,1,48.09
1,1,17.59
13,1,70.18
5,1,35.74
1,1,17.99
2,1,122.63
6,1,36.08
1,1,106.94
5,2,1386.65
2,1,9.99
1,1,51.29
2,1,133.13
4,1,38.49
7,2,246.76
1,1,33.22
2,1,20.99
2,1,206.15
10,1,13.96
1,1,324.6
1,1,38.78
2,1,18.99
10,1,45.57
1,1,33.55
2,1,27.97
3,1,65.36
1,1,29.49
3,1,18.59
9,1,45.16
1,1,61.98
1,1,78.13
2,1,82.96
5,1,300.1
1,1,99.41
1,1,46.0
2,1,69.56
4,1,163.98
7,1,109.92
1,1,6.97
1,1,26.9
2,1,39.67
3,1,176.61
1,1,75.18
5,1,45.79
3,2,39.18
2,1,87.2
3,1,27.19
2,1,7.98
1,1,26.99
2,1,70.31
11,1,47.97
10,2,120.38
1,1,86.97
3,1,128.56
6,2,756.68
1,1,56.23
1,1,33.63
2,1,188.84
1,1,73.96
1,1,45.79
5,1,19.39
1,1,44.98
8,1,27.77
5,2,104.29
1,1,35.39
9,1,92.99
2,1,481.0
1,1,56.97
10,1,81.98
1,1,13.99
3,1,52.95
5,1,18.6
1,1,97.06
7,1,82.19
3,1,55.97
6,1,96.95
2,1,76.97
1,1,33.99
40,15,16866.73
1,1,56.07
3,1,44.98
2,1,69.36
3,1,36.98
1,1,35.19
4,2,77.95
1,1,38.39
6,1,32.62
4,1,77.72
1,1,27.99
2,1,43.42
7,1,39.79
1,1,33.99
3,1,168.7
1,1,35.59
5,1,77.56
6,2,83.18
3,1,29.98
1,1,16.98
8,2,137.53
1,1,60.14
6,1,50.86
1,1,132.97
2,1,179.64
1,1,53.79
1,1,86.99
2,1,90.14
2,1,35.59
2,1,699.12
1,1,68.96
3,1,96.58
2,1,83.57
1,1,40.97
2,1,35.62
2,1,402.46
1,1,35.54
2,1,52.79
1,1,65.66
1,1,22.48
1,1,17.99
2,1,236.06
3,2,92.56
2,1,4.49
8,1,4013.08
2,1,40.49
3,1,22.04
6,1,239.57
2,1,722.58
33,3,371.48
2,1,71.27
1,1,94.44
1,1,23.18
4,1,51.43
3,1,164.17
7,4,238.76
2,1,52.75
1,1,54.76
15,1,438.3
2,1,46.99
6,1,70.77
3,1,225.81
1,1,80.96
5,1,23.99
2,1,25.99
2,1,18.59
3,1,75.42
1,1,81.47
4,1,24.99
2,1,16.59
13,1,34.96
1,1,124.76
1,1,60.0
2,1,32.99
2,1,54.98
1,1,29.98
1,1,34.99
1,1,231.66
5,1,60.7
1,1,28.99
6,1,452.0
12,3,986.74
5,1,410.15
6,1,11.98
2,1,13.96
5,1,88.17
2,1,53.79
2,1,148.77
4,1,37.18
5,1,85.27
2,1,104.25
3,1,57.99
1,1,114.56
2,1,448.0
7,1,82.09
2,1,203.98
1,1,69.66
1,1,74.58
4,1,61.48
1,1,28.9
2,1,9.49
1,1,21.29
1,1,25.77
5,1,113.98
17,2,1199.06
3,1,15.97
1,1,44.97
3,1,57.94
3,1,143.72
8,2,35.8
1,1,86.19
2,1,117.97
1,1,133.95
1,1,73.19
2,1,61.94
2,1,157.25
1,1,130.37
4,1,115.75
2,1,66.95
1,1,119.65
5,1,123.99
6,1,33.19
1,1,41.99
10,2,121.53
2,1,37.98
4,1,24.99
1,1,190.98
2,1,101.93
1,1,17.96
1,1,21.17
18,3,2525.67
5,2,74.99000000000001
1,1,49.11
2,1,24.47
2,1,22.05
2,1,59.98
3,1,3880.26
2,1,60.99
3,1,76.99
2,1,31.98
3,1,134.51
2,1,17.95
3,1,17.99
3,1,128.99
2,1,26.49
1,1,41.85
3,1,25.99
12,1,58.96
1,1,171.95
5,3,262.78
1,1,23.02
1,1,59.98
3,1,106.98
4,1,120.97
2,1,10.48
3,1,31.02
3,1,95.12
4,1,67.99
1,1,26.99
4,1,69.08
2,1,110.69
4,1,282.7
2,1,43.98
2,1,179.01
1,1,16.99
4,1,33.11
2,1,26.99
4,1,49.37
1,1,128.91
14,4,323.16
6,3,273.15999999999997
3,1,30.99
3,1,37.3
1,1,338.91
1,1,19.99
3,1,28.19
2,1,43.97
2,1,96.95
14,1,257.65
1,1,237.37
3,1,125.21
4,1,88.99
6,1,57.99
2,1,40.73
2,1,71.25
1,1,287.78
2,1,64.99
2,1,917.5
2,1,19.99
2,1,28.99
1,1,161.47
3,1,35.88
1,1,27.18
2,1,67.99
4,1,279.88
3,1,63.99
3,1,22.99
3,1,15.07
2,2,217.26
1,1,16.59
3,1,31.19
1,1,14.98
6,1,16.99
1,1,41.98
11,4,1300.8899999999999
1,1,400.89
11,1,18.99
3,1,179.91
3,1,14.97
2,1,62.57
12,1,66.94
6,3,163.83
1,1,28.99
8,1,1057.78
1,1,18.29
1,1,158.98
4,1,180.6
9,1,414.49
1,1,15.42
3,1,20.19
1,1,38.28
1,1,16.58
4,1,209.94
1,1,47.85
6,1,62.98
2,1,43.17
2,2,344.53000000000003
2,1,130.75
2,1,61.99
2,1,121.98
1,1,16.59
3,1,57.24
5,1,13.99
1,1,20.19
7,1,53.21
3,1,106.77
18,1,130.94
1,1,26.19
4,1,23.0
1,1,38.98
3,1,62.56
6,1,313.48
3,1,49.79
5,1,66.56
2,1,22.99
1,1,21.46
2,1,24.59
1,1,163.9
4,1,120.53
3,1,48.06
4,1,164.98
2,1,49.98
6,1,8.98
2,1,46.99
10,1,31.08
6,1,35.38
2,1,30.98
2,1,36.59
4,1,856.4
4,2,286.39
1,1,228.75
1,1,24.99
4,1,33.34
1,1,61.99
2,1,25.98
2,1,50.43
15,1,214.94
4,1,22.59
5,1,98.95
3,1,242.53
1,1,46.47
7,1,37.49
2,1,71.18
7,1,49.21
1,1,36.94
1,1,85.96
1,1,37.59
1,1,70.38
1,1,18.99
1,1,25.99
2,1,35.88
3,2,209.87
1,1,38.99
6,1,31.99
2,1,82.81
1,1,9.99
10,1,198.47
1,1,62.96
2,1,28.88
6,1,23.99
6,1,41.38
3,1,81.95
2,1,23.19
1,1,44.18
1,1,271.92
3,1,91.33
2,1,25.49
1,1,46.57
2,1,43.24
3,1,8.49
3,1,78.68
1,1,32.95
1,1,17.74
2,1,1196.51
4,1,87.19
7,1,36.59
3,1,33.25
3,1,33.64
18,1,105.99
4,1,59.34
6,3,3463.41
2,1,45.77
3,1,64.1
1,1,1535.41
3,1,2305.64
3,1,25.99
2,1,131.98
3,1,91.95
3,1,15.59
2,1,70.26
1,1,510.35
1,1,21.99
1,1,57.37
2,1,23.99
2,1,179.63
1,1,50.95
4,1,121.9
1,1,13.98
3,1,214.42
1,1,63.24
1,1,90.04
1,1,25.99
3,1,21.59
3,2,35.02
3,1,121.49
9,1,19.59
3,1,10.56
2,1,165.55
1,1,60.16
1,1,19.99
4,1,222.3
2,1,1078.2
1,1,22.99
1,1,35.39
1,1,36.48
12,1,61.76
1,1,26.38
4,2,909.9
1,1,49.99
1,1,58.98
13,1,65.75
1,1,2.5
1,1,451.7
1,1,28.99
4,1,602.91
2,1,44.2
2,1,9.37
1,1,32.0
1,1,49.47
3,1,58.56
3,1,85.99
1,1,40.59
1,1,34.49
3,1,446.26
3,1,54.57
4,1,67.98
1,1,251.31
4,1,24.7
1,1,68.58
9,3,427.49
1,1,332.75
3,1,33.89
2,1,27.09
3,1,120.12
1,1,17.59
3,1,105.99
5,1,139.81
1,1,49.0
3,1,467.6
1,1,22.19
5,1,23.99
4,1,19.19
3,1,76.12
2,1,121.39
1,1,73.78
3,1,77.76
1,1,180.85
1,1,39.59
5,1,16.59
3,1,85.57
2,1,41.99
3,1,34.21
2,1,56.98
10,1,61.58
5,1,53.77
1,1,22.99
1,1,227.8
4,1,119.83
1,1,373.36
2,2,63.97
3,1,13.99
11,2,190.14
1,1,33.4
3,1,58.36
2,1,59.38
4,2,134.08
1,1,24.99
4,1,295.4
1,1,31.99
2,1,68.88
4,1,27.4
1,1,136.36
1,1,5.99
1,1,30.98
1,1,2.99
2,1,186.29
2,1,26.6
2,1,97.0
2,1,26.99
7,1,27.56
2,1,79.41
3,2,268.22
2,1,20.59
6,1,61.97
1,1,620.3
2,1,392.89
2,1,978.59
1,1,33.4
2,1,159.97
5,1,28.18
2,1,1310.59
8,4,381.97
1,1,16.19
18,2,230.48000000000002
6,1,104.99
1,1,168.34
4,1,49.55
2,1,26.36
3,1,641.75
10,1,25.99
3,1,18.79
5,1,100.67
6,1,88.99
5,3,194.73000000000002
3,1,53.11
14,4,5972.1900000000005
1,1,41.59
3,1,100.0
1,1,50.08
2,1,82.57
2,1,10.99
5,1,192.98
5,2,126.07
1,1,41.77
2,2,261.18
1,1,258.9
8,2,952.7
1,1,125.8
5,1,111.27
6,1,37.16
8,2,291.37
1,1,25.99
9,2,700.64
2,1,52.78
1,1,59.0
6,1,61.97
25,11,6215.5199999999995
1,1,118.97
2,1,101.78
6,1,6.99
1,1,24.19
6,2,15.98
2,1,80.79
2,1,35.59
1,1,22.99
1,1,18.99
25,2,35.95
4,1,23.99
1,1,39.99
1,1,50.79
1,1,70.35
1,1,120.37
1,1,68.76
2,1,28.48
1,1,266.75
2,1,102.77
6,1,63.99
6,1,78.9
2,1,46.98
1,1,70.18
3,1,62.16
4,1,243.5
8,1,56.71
1,1,10.98
1,1,15.63
1,1,184.76
1,1,83.29
1,1,45.44
8,1,19.99
1,1,36.19
2,1,142.75
1,1,5.5
3,1,54.28
2,1,18.99
1,1,56.01
1,1,77.03
4,1,29.15
1,1,38.97
8,2,367.0
4,3,206.69
2,1,19.99
2,1,86.56
6,2,56.04
1,1,19.99
1,1,27.19
1,1,73.44
5,1,427.4
5,1,70.52
2,1,85.99
1,1,32.9
1,1,13.19
6,1,17.99
5,1,273.72
3,1,17.59
1,1,625.1
6,1,172.33
12,2,2817.58
1,1,107.34
1,1,23.99
1,1,71.99
1,1,5.99
1,1,302.34
2,2,48.15
7,1,44.75
1,1,59.76
1,1,14.97
4,1,425.85
1,1,23.99
2,1,49.95
5,1,29.75
2,1,215.94
3,1,42.78
1,1,42.48
4,1,35.98
9,1,66.98
11,1,48.46
3,1,24.19
2,1,14.97
1,1,16.99
8,1,24.99
6,1,40.97
4,2,110.77000000000001
5,1,15.95
2,1,27.99
15,1,34.71
3,1,21.99
1,1,22.97
3,1,51.98
3,1,49.91
1,1,37.28
4,1,23.99
1,1,34.39
3,1,127.23
2,1,96.95
7,1,44.99
1,1,26.23
2,1,35.58
4,1,111.52
1,1,20.99
1,1,45.77
2,1,15.29
1,1,4.99
5,1,44.05
2,1,169.57
2,1,19.99
2,1,85.08
32,6,1909.57
3,1,1411.56
1,1,52.0
2,1,11.98
1,1,20.49
14,2,1211.72
1,1,45.79
1,1,20.63
3,2,23.59
2,1,30.74
1,1,21.19
81,3,81.16
3,1,84.85
10,1,10.5
1,1,244.13
4,1,42.98
1,1,42.48
3,1,12.96
1,1,37.59
2,1,46.55
1,1,30.49
1,1,25.99
5,1,78.57
3,1,75.42
2,1,29.94
2,1,58.38
15,8,6263.42
2,1,31.01
6,1,100.74
2,1,100.17
1,1,40.38
1,1,237.71
1,1,23.99
1,1,67.36
6,1,39.98
2,1,15.99
2,1,83.51
1,1,256.91
1,1,10.98
29,2,113.52
7,1,82.99
3,1,29.95
3,1,46.98
9,1,20.38
2,1,119.27
4,1,122.97
1,1,131.0
1,1,19.99
3,1,36.18
3,1,70.7
4,1,18.49
2,1,38.91
1,1,67.38
3,1,7003.5
1,1,35.59
6,1,16.37
3,1,42.06
4,1,38.41
4,1,72.95
1,1,11.97
1,1,67.65
1,1,105.99
3,1,102.91
5,1,145.0
3,2,215.61
11,1,11.39
2,1,18.99
6,3,162.74
1,1,19.39
1,1,44.98
4,1,62.99
3,1,269.15
2,1,39.17
2,1,37.76
1,1,39.59
1,1,19.95
1,1,40.94
1,1,38.98
2,1,14.99
1,1,196.83
4,1,267.0
5,1,62.03
2,1,110.45
2,1,144.94
2,1,1371.67
1,1,25.48
6,1,88.99
5,1,125.99
1,1,294.42
3,1,78.18
1,1,44.8
6,3,78.03
1,1,4.99
8,1,105.35
2,1,38.59
3,1,54.27
3,1,66.78
23,3,725.84
1,1,154.43
24,1,119.17
1,1,85.19
6,1,124.6
32,1,128.99
8,1,58.99
3,1,21.19
2,1,40.59
1,1,9.99
1,1,21.99
2,1,26.99
2,1,57.38
1,1,57.55
14,1,18.99
2,1,36.59
4,1,22.98
4,2,586.32
1,1,202.88
8,1,21.99
2,1,323.0
5,1,21.97
7,2,78.34
2,1,87.8
5,1,36.99
2,1,85.91
3,1,65.91
8,1,31.38
3,1,70.37
5,1,55.77
3,2,79.47
1,1,29.78
9,2,146.57999999999998
2,1,48.29
3,2,57.18000000000001
2,1,34.14
2,1,229.85
1,1,66.99
2,1,42.99
4,2,47.769999999999996
2,1,67.59
1,1,12.96
1,1,23.8
1,1,58.98
4,1,181.91
2,1,87.98
1,1,33.5
2,1,246.52
1,1,41.98
4,1,21.99
1,1,52.79
1,1,86.53
1,1,127.97
2,2,589.85
1,1,64.99
2,1,221.55
4,1,155.03
1,1,113.91
2,1,25.99
6,1,127.94
9,1,28.9
6,1,84.99
1,1,103.78
148,1,32.0
8,1,17.99
3,1,6.49
1,1,36.97
9,1,116.77
6,2,462.29
8,3,4016.91
1,1,148.18
2,1,525.0
9,2,91.53999999999999
3,1,143.9
3,1,20.98
1,1,95.38
3,1,42.58
6,1,29.22
4,2,234.13
1,1,28.1
2,2,113.62
1,1,245.86
2,1,47.36
1,1,10.78
6,1,43.98
2,1,34.61
8,1,58.48
7,1,93.74
7,1,103.71
2,1,22.99
2,1,29.99
6,1,18.99
3,1,301.8
4,1,22.38
1,1,43.98
1,1,33.19
11,1,72.18
4,1,76.03
3,1,37.89
2,1,34.98
2,1,33.39
2,1,57.16
7,1,1418.56
1,1,37.0
1,1,56.99
2,1,60.99
2,1,100.95
5,1,47.52
5,1,27.98
4,1,101.51
2,1,19.95
1,1,488.03
4,2,132.51
6,2,98.93
3,1,10.98
1,1,555.2
11,3,2218.1
1,1,199.93
1,1,16.99
10,1,105.57
7,1,224.5
3,1,241.63
1,1,33.97
1,1,5.5
3,1,221.05
4,1,6.99
1,1,15835.560000000001
4,1,94.8
3,1,37.78
3,1,158.97
1,1,27.01
2,1,26.99
1,1,142.36
2,1,42.77
1,1,39.78
5,2,58.59
3,1,32.29
3,1,260.94
3,1,21.46
2,1,119.45
3,1,69.26
1,1,18.19
2,1,47.18
2,1,72.18
1,1,46.98
5,1,48.49
2,1,68.98
3,1,20.39
2,1,57.99
2,1,59.17
1,1,32.3
3,1,81.78
4,2,474.11
5,1,241.97
2,1,201.56
1,1,4.99
1,1,107.95
4,1,36.94
2,1,84.94
14,1,114.53
12,2,3499.38
6,1,129.0
3,1,22.69
1,1,100.99
2,2,29.979999999999997
4,1,68.99
3,1,51.98
1,1,24.99
2,1,23.98
1,1,352.3
4,1,42.98
3,1,67.93
3,1,26.99
8,1,145.93
1,1,65.46
5,3,169.73
6,1,25.48
6,1,175.6
2,1,117.78
3,1,35.98
2,1,1672.84
1,1,68.98
9,2,568.0999999999999
1,1,321.0
4,1,128.22
10,1,25.19
3,1,34.05
1,1,91.48
1,1,20.98
1,1,243.6
8,1,36.98
5,1,52.76
1,1,84.99
1,1,11.99
2,1,124.38
1,1,20.27
10,1,17.99
2,1,18.19
7,1,47.85
6,2,128.53
1,1,25.99
4,1,877.15
5,2,54.379999999999995
11,1,22.99
1,1,36.99
7,1,105.21
3,1,32.95
1,1,30.18
1,1,11.0
1,1,24.97
86,33,2966.88
4,2,178.87
1,1,108.99
4,1,13.99
5,2,1155.6
1,1,25.99
2,1,207.28
1,1,36.28
1,1,22.19
9,1,31.49
1,1,10.88
1,1,24.99
1,1,60.38
1,1,38.39
6,1,23.19
2,1,16.29
3,2,310.0
1,1,10.99
2,1,59.96
4,1,152.67
3,1,74.84
2,1,117.8
1,1,13.98
2,2,325.94
1,1,15.99
2,1,24.19
13,1,570.22
4,1,27.29
1,1,59.99
13,2,155.96
3,1,486.55
4,1,48.97
3,1,156.52
2,1,131.06
3,1,48.56
6,1,127.8
1,1,308.5
1,1,219.06
2,1,37.05
5,1,240.76
1,1,254.49
1,1,25.99
1,1,57.83
3,2,788.1600000000001
1,1,234.87
3,1,10.55
2,1,127.4
6,1,8.59
2,1,35.59
1,1,33.98
9,1,2.99
4,2,115.97999999999999
1,1,47.98
6,1,28.17
2,1,207.82
2,1,99.55
2,1,3.69
2,1,99.69
3,1,120.05
1,1,27.18
1,1,633.1
2,1,86.19
2,1,56.99
2,1,17.99
4,1,67.48
2,1,58.2
1,1,55.39
4,2,131.97
10,1,11.19
1,1,124.89
7,1,37.18
4,1,26.59
2,1,148.7
1,1,56.19
1,1,16.56
2,1,73.98
1,1,33.15
7,1,19.99
5,1,45.97
1,1,155.37
4,1,21.99
8,1,203.11
4,1,20.99
1,1,78.91
5,2,389.46000000000004
1,1,58.93
2,1,21.19
1,1,51.79
2,2,1044.69
1,1,35.59
16,1,146.99
2,1,45.72
2,1,31.78
3,1,28.25
1,1,57.99
1,1,21.99
5,1,56.49
1,1,24.19
4,1,189.84
4,1,76.74
1,1,44.18
1,1,246.77
2,2,118.98
10,2,36.62
1,1,17.98
3,2,517.25
11,1,126.32
4,1,27.0
1,1,38.57
1,1,76.53
4,1,26.98
6,1,4849.6
9,1,115.33
4,1,29.46
3,1,38.0
7,4,1402.2
17,2,284.96
7,1,77.74
1,1,78.92
1,1,21.59
1,1,26.0
2,1,288.85
1,1,91.99
2,1,51.97
3,1,3.2
3,1,50.77
2,2,288.87
1,1,18.99
6,1,63.99
4,1,351.79
1,1,23.97
1,1,33.99
2,2,34.18
1,1,17.19
12,2,2498.95
1,1,34.74
1,1,91.33
3,1,17.49
4,1,168.61
4,1,256.78
12,2,71.78
1,1,138.85
6,1,132.66
1,1,167.0
5,1,18.99
5,1,46.38
3,1,47.37
1,1,29.78
2,1,20.2
1,1,52.97
4,1,41.39
3,1,24.59
6,1,296.5
2,1,62.87
7,1,51.79
1,1,21.29
3,1,331.29
2,1,21.99
1,1,44.98
2,1,20.99
6,1,19.29
1,1,96.38
1,1,20.99
4,1,38.59
3,1,36.18
1,1,31.98
1,1,25.39
2,1,202.88
2,1,21.17
1,1,13.98
1,1,11.99
2,2,109.69
5,1,68.05
9,1,47.1
1,1,106.17
1,1,196.6
9,1,39.59
6,1,2.99
1,1,71.92
5,1,317.76
3,1,34.7
19,1,146.99
2,1,23.59
3,2,102.95
1,1,43.79
2,1,135.92
2,1,55.97
2,1,309.8
11,1,48.97
1,1,43.92
1,1,28.97
1,1,20.98
2,1,84.95
2,1,39.59
15,3,104.85000000000001
1,1,106.99
1,1,71.17
1,1,905.3
4,1,14.59
1,1,38.59
2,1,39.8
4,1,50.79
1,1,65.78
1,1,17.78
1,1,87.5
2,1,37.48
2,1,79.25
1,1,27.99
3,1,18.38
2,1,61.17
5,1,41.38
3,1,246.62
2,1,53.02
1,1,58.9
7,1,45.98
2,2,89.42
3,1,98.36
1,1,52.96
5,1,110.47
1,1,62.99
8,1,47.47
2,1,111.14
3,2,610.2
2,1,3.99
14,1,117.89
2,1,68.96
3,1,89.96
1,1,62.97
3,1,41.17
1,1,40.31
13,2,269.03000000000003
2,2,222.96
1,1,134.96
2,1,27.39
4,1,576.66
4,1,98.97
2,1,27.69
1,1,27.99
1,1,27.88
5,1,717.68
1,1,54.9
4,1,97.36
8,2,42.98
2,1,18.59
1,1,34.38
15,2,110.95
1,1,156.75
7,1,172.1
8,1,28.99
2,2,99.11
2,1,27.99
3,1,66.16
1,1,40.99
5,1,88.99
4,1,91.03
1,1,46.98
11,1,38.31
6,1,229.97
1,1,137.58
3,1,36.88
2,1,35.97
5,1,21.19
2,1,157.91
3,1,64.93
3,1,20.98
1,1,50.96
2,2,320.99
3,1,137.2
5,1,57.18
3,1,23.99
1,1,9.18
1,1,26.99
5,1,84.19
1,1,22.99
2,1,236.45
2,1,140.14
8,2,83.96000000000001
4,2,295.1
2,1,45.61
2,1,2549.0
4,1,62.99
3,1,62.89
4,1,124.99
2,1,104.99
4,1,97.99
3,1,7.83
2,1,312.01
2,1,52.99
8,1,176.09
5,1,20.99
12,1,28.49
5,1,22.99
1,1,32.17
2,1,34.59
1,1,24.38
1,1,39.05
2,1,244.89
3,1,36.59
4,1,212.0
6,1,36.19
7,1,104.33
2,1,60.73
1,1,11.64
5,1,353.61
3,1,24.99
1,1,26.99
1,1,36.49
6,1,31.98
2,1,58.55
5,1,15.89
41,10,4076.96
1,1,37.98
2,1,69.18
2,1,23.99
7,1,47.5
1,1,12.48
2,1,23.77
9,3,529.52
1,1,41.57
2,1,24.98
3,1,38.98
3,1,153.91
3,1,42.94
6,1,31.78
1,1,5.99
4,1,407.07
6,2,60.96
2,1,106.78
2,1,88.66
5,1,121.63
3,1,122.59
2,1,146.9
2,1,53.38
7,3,210.64000000000001
1,1,45.85
3,1,35.18
8,1,10.39
3,1,33.99
2,1,95.47
4,1,94.76
6,1,52.39
3,1,47.98
3,1,48.19
5,1,34.2
3,1,21.49
9,2,1134.33
2,1,15.98
1,1,21.99
6,1,31.82
2,1,51.92
2,1,27.27
1,1,43.99
4,2,61.769999999999996
2,1,21.99
3,1,20.96
1,1,73.0
3,1,161.7
1,1,15.29
4,1,81.18
1,1,85.96
5,1,19.49
4,1,16.99
4,1,22.53
11,1,1306.35
1,1,48.49
7,1,29.15
2,1,65.59
1,1,36.98
1,1,29.98
3,1,47.68
1,1,235.05
6,1,36.0
1,1,13.99
3,1,95.58
1,1,25.98
2,1,20.79
1,1,23.98
1,1,371.9
2,1,27.58
2,1,1455.0
6,1,98.57
1,1,20.5
2,1,29.99
4,1,106.57
1,1,38.77
5,1,34.19
2,1,43.59
2,1,38.98
3,1,70.68
1,1,42.48
3,2,240.39999999999998
14,1,115.45
1,1,36.41
3,1,111.55
1,1,19.99
1,1,120.99
2,2,44.18
1,1,32.99
1,1,40.23
1,1,14.98
1,1,65.99
10,1,25.99
3,1,85.67
3,1,279.91
5,1,38.47
2,1,26.98
3,1,87.54
1,1,31.19
2,1,49.98
1,1,46.37
1,1,52.99
2,1,145.57
4,1,65.85
1,1,62.52
2,1,38.96
1,1,11.99
8,1,47.99
5,1,44.27
4,1,77.14
10,1,46.79
2,1,14.07
8,3,61.97
1,1,44.98
3,1,346.8
1,1,21.99
1,1,10.99
2,1,65.35
6,1,15.96
1,1,652.5
1,1,33.38
2,1,28.69
1,1,23.99
4,1,192.09
1,1,50.95
1,1,46.9
3,1,840.05
6,1,733.2
1,1,77.7
9,3,266.12
2,1,50.79
1,1,71.38
2,1,32.18
4,1,54.56
1,1,29.18
9,1,97.49
3,1,8.19
2,1,86.99
5,1,83.35
2,1,21.59
4,1,49.79
2,1,10.99
5,2,461.33
1,1,51.98
1,1,31.82
2,1,21.99
5,1,59.99
1,1,45.79
1,1,21.18
5,1,76.58
8,2,75.97
3,1,454.5
6,1,86.19
2,1,53.56
6,2,166.69
2,1,19.99
1,1,27.99
7,3,255.73000000000002
4,1,41.47
2,1,38.58
3,1,24.99
1,1,18.98
1,1,45.98
2,1,80.45
1,1,84.92
1,1,17.0
2,1,18.59
2,1,154.76
1,1,18.99
6,3,279.28000000000003
19,1,58.0
7,1,20.59
5,1,87.99
1,1,306.0
1,1,76.66
1,1,26.99
4,1,6.99
1,1,307.34
4,1,520.45
3,1,78.96
1,1,106.76
9,2,99.68
1,1,20.99
3,1,482.4
1,1,173.94
5,1,177.96
3,2,145.32999999999998
2,1,27.47
34,8,4627.8099999999995
2,1,69.98
2,1,52.99
4,1,46.77
3,1,16.19
6,4,782.71
3,1,260.85
4,1,20.99
8,3,1101.62
3,1,37.59
6,1,742.48
1,1,33.28
2,1,53.56
1,1,52.98
1,1,64.97
3,1,124.99
1,1,40.98
3,1,221.7
1,1,146.55
2,1,76.99
11,1,85.41
3,1,35.98
2,1,37.18
5,1,21.99
3,1,27.98
6,1,80.74
1,1,31.82
1,1,54.57
1,1,98.31
6,1,26.88
6,1,39.39
1,1,36.93
1,1,18.96
3,1,28.94
4,2,953.5
3,1,78.99
2,1,72.15
10,1,45.98
5,1,43.99
4,1,51.57
8,3,559.15
1,1,485.1
3,2,2556.79
3,1,36.19
2,1,58.98
2,1,22.99
4,1,36.99
1,1,22.48
2,1,728.88
3,1,49.68
2,1,53.79
3,1,146.31
2,1,25.62
3,1,21.93
1,1,34.58
5,1,103.77
1,1,56.98
1,1,52.79
2,1,134.35
1,1,20.47
1,1,18.99
4,1,45.79
4,1,48.55
1,1,25.99
9,2,178.82
1,1,345.03
1,1,40.59
3,1,568.45
8,1,159.04
7,1,104.3
7,2,62.61
1,1,59.99
2,1,60.47
2,1,209.95
1,1,23.99
2,1,54.36
4,1,24.99
4,1,52.57
2,1,90.77
5,1,60.43
1,1,19.85
15,1,64.21
2,2,64.38
4,1,35.0
1,1,201.52
4,1,846.59
3,1,148.94
1,1,25.38
4,1,57.24
8,1,2877.0
2,1,29.29
2,1,19.44
1,1,61.99
1,1,129.9
10,1,110.38
1,1,20.59
2,1,70.59
2,1,2545.0
6,1,41.26
11,1,53.69
2,1,40.99
1,1,12.39
2,1,19.78
14,1,121.4
1,1,28.49
4,1,18.16
29,2,134.75
1,1,269.85
1,1,155.16
6,1,25.19
4,1,51.0
4,1,23.98
4,1,10.98
1,1,35.79
7,1,41.33
6,1,52.57
3,1,106.19
4,1,221.75
4,1,126.97
4,1,20.99
3,1,59.99
1,1,20.99
3,1,88.98
1,1,35.18
1,1,61.9
2,1,6.15
3,1,86.65
8,2,203.2
2,1,44.97
5,1,498.5
2,1,18.19
5,1,16.79
3,1,30.96
3,1,21.99
2,1,148.77
2,1,164.34
3,2,131.48000000000002
2,1,26.99
1,1,55.95
2,1,64.76
5,1,81.19
1,1,170.16
8,1,44.99
1,1,55.27
3,1,41.99
2,1,55.04
3,1,14.19
3,1,579.8
4,1,4.99
9,2,517.9
1,1,17.99
4,1,152.57
6,1,158.13
1,1,71.75
2,1,21.98
1,1,123.46
3,1,186.46
3,1,63.99
2,1,64.99
4,1,111.6
3,1,468.96
3,1,1021.5
1,1,5730.0
6,1,177.1
1,1,21.99
2,1,50.31
3,1,108.0
7,1,852.81
3,1,107.99
5,1,8.98
3,1,20.99
2,1,254.72
2,1,427.0
1,1,64.59
8,2,329.82
1,1,34.01
2,1,56.53
10,6,793.46
5,1,49.7
3,1,167.48
1,1,113.95
2,1,95.09
3,1,23.99
5,1,40.99
8,2,150.81
4,1,45.95
1,1,98.4
3,2,172.38
2,1,32.98
5,1,72.96
2,1,101.96
2,1,144.44
4,1,53.96
3,1,81.19
1,1,16.41
4,1,90.56
3,1,14.0
2,1,12.39
1,1,125.12
1,1,62.96
1,1,36.98
4,1,72.69
1,1,37.99
4,1,105.59
3,1,112.98
3,1,83.12
14,1,23.99
16,1,227.93
3,1,24.99
1,1,17.99
5,1,82.47
2,1,124.98
2,1,182.9
2,1,336.2
1,1,26.99
2,1,29.99
2,1,67.38
2,1,23.99
1,1,67.06
1,1,16.0
7,1,20.99
1,1,151.57
2,1,43.48
2,1,62.17
2,1,37.63
4,1,13.98
1,1,27.75
1,1,41.59
2,1,81.96
5,1,62.99
1,1,358.6
1,1,80.95
2,1,18.59
1,1,40.59
25,1,33.19
3,1,87.19
2,1,28.19
6,1,28.99
2,1,43.91
12,1,114.75
5,1,7.99
3,1,220.84
1,1,39.59
5,1,45.98
2,1,120.85
18,3,11095.07
1,1,101.24
3,1,29.19
6,1,19.99
11,2,115.63999999999999
5,1,12.84
2,1,209.93
2,1,39.59
6,1,224.38
7,1,51.58
2,1,11.5
1,1,373.04
3,1,200.18
1,1,111.98
1,1,52.37
1,1,41.95
4,2,95.96
2,1,34.38
8,1,16.99
1,1,14.99
8,2,151.14
2,1,27.19
1,1,46.87
3,1,100.99
2,1,318.84
2,1,101.5
3,1,34.47
2,1,22.99
6,1,26.99
1,1,9.98
2,1,27.99
2,1,32.97
7,1,26.99
1,1,102.77
1,1,40.97
1,1,41.18
1,1,21.19
2,1,32.97
1,1,50.97
2,1,30.18
3,1,117.46
1,1,25.99
2,1,198.33
3,1,65.48
2,1,430.64
1,1,54.46
1,1,36.77
6,1,95.99
9,2,139.05
1,1,21.78
1,1,35.58
2,1,108.38
1,1,25.99
1,1,18.98
2,1,42.59
1,1,25.99
3,1,32.48
2,1,67.36
3,1,29.68
6,1,6.99
2,2,283.17
2,1,50.79
15,1,24.97
3,1,71.97
1,1,77.67
1,1,24.98
1,1,114.49
2,1,27.18
2,1,29.93
1,1,77.46
4,1,197.19
2,1,37.14
4,2,281.34000000000003
2,1,19.0
1,1,16.98
4,1,42.99
1,1,47.97
4,1,107.95
5,1,37.18
10,2,71.98
2,1,24.08
2,1,103.35
1,1,22.16
4,1,147.18
3,1,113.07
5,1,15.29
1,1,105.94
2,1,124.79
3,1,19.99
16,2,298.35
3,1,40.1
6,1,118.91
4,1,15.99
4,1,128.98
1,1,18.19
6,1,191.47
1,1,47.76
1,1,66.89
3,1,50.38
8,1,70.22
2,1,108.96
27,6,1896.75
2,1,46.98
12,1,28.96
3,1,56.36
5,1,71.75
4,1,17.99
2,1,19.99
2,1,16.38
9,1,174.91
1,1,25.78
2,1,27.99
3,1,28.75
6,2,200.95999999999998
7,1,45.38
2,1,72.18
4,1,17.78
2,1,11.98
1,1,25.99
1,1,112.93
4,1,176.7
7,1,133.98
1,1,29.99
1,1,57.07
3,1,29.77
2,1,33.18
1,1,59.14
1,1,35.98
2,1,66.35
3,1,47.79
6,2,561.1899999999999
7,3,539.79
1,1,731.82
4,1,64.99
1,1,23.19
8,3,263.35
2,1,729.3
1,1,11.96
2,1,96.32
1,1,19.59
2,1,25.99
1,1,1472.32
1,1,54.46
1,1,34.98
1,1,25.22
3,1,19.26
4,1,20.99
4,1,48.56
4,1,358.82
2,1,5.99
3,1,36.99
5,1,603.4
1,1,75.99
6,1,32.58
1,1,92.96
15,1,28.18
3,2,221.07
2,1,193.6
2,1,27.99
1,1,46.37
15,2,114.9
1,1,29.78
1,1,28.99
2,1,3.99
4,2,131.08
1,1,70.45
3,1,200.6
2,1,12.99
11,1,151.94
1,1,43.94
1,1,12.96
1,1,26430.600000000002
2,1,21.99
1,1,38.96
2,1,35.72
3,1,39.99
10,1,68.97
7,1,50.89
1,1,21.19
1,1,33.98
2,1,62.99
1,1,40.99
1,1,137.53
2,1,278.44
2,1,78.41
1,1,32.99
2,1,23.98
6,2,147.97
3,1,35.98
3,1,41.68
1,1,87.56
4,1,18.99
1,1,69.36
1,1,984.7
4,1,96.23
1,1,210.36
3,1,35.59
1,1,82.44
1,1,164.55
4,1,103.76
2,1,87.54
1,1,19.99
1,1,67.59
3,1,40.94
4,1,301.06
2,1,216.95
2,1,36.99
2,1,45.99
1,1,22.99
3,1,31.37
4,2,1081.08
1,1,34.19
1,1,64.34
1,1,11.99
3,1,40.24
1,1,51.95
4,1,56.99
6,1,97.58
3,1,11.39
1,1,71.98
4,1,117.91
2,1,58.84
5,1,148.97
1,1,123.57
3,1,29.19
4,1,78.33
1,1,75.46
1,1,43.97
13,2,1297.4299999999998
11,1,99.97
5,1,107.99
4,1,35.48
1,1,72.38
4,1,71.98
6,1,63.98
1,1,26.87
1,1,33.47
2,1,33.76
5,1,301.85
2,1,66.52
2,1,71.34
1,1,23.99
1,1,68.1
1,1,19.99
1,1,27.73
3,1,388.75
1,1,10.99
1,1,30.97
1,1,15.96
2,1,61.96
28,4,14604.5
2,1,58.99
1,1,34.78
22,9,7899.35
4,1,112.39
15,1,23.98
2,1,86.99
2,1,22.99
4,1,248.75
4,1,44.98
3,1,9.5
2,1,90.9
1,1,59.34
2,1,158.57
4,2,65.97
2,1,24.97
1,1,22.99
10,1,78.32
1,1,35.98
2,1,82.99
1,1,18.99
2,1,61.09
2,1,37.78
3,1,39.59
5,1,19.99
4,1,79.57
2,1,50.79
6,2,292.09000000000003
6,1,19.99
1,1,34.96
1,1,20.99
4,1,29.95
1,1,43.47
1,1,123.98
12,3,306.24
3,1,284.09
7,1,75.99
3,1,35.68
9,1,34.59
3,2,161.98
1,1,56.28
2,1,65.1
2,1,16.19
2,1,239.65
7,2,87.36
9,2,83.9
1,1,26.94
11,2,153.37
10,2,257.69
3,1,25.98
3,1,47.39
2,1,48.38
2,1,24.99
1,1,41.59
4,2,118.1
1,1,17.99
1,1,99.99
7,1,160.16
22,10,11137.51
4,1,74.99
1,1,11.99
1,1,24.99
5,1,23.99
1,1,44.81
7,1,1036.55
6,1,33.39
7,1,50.76
2,1,16.38
1,1,27.99
1,1,222.1
7,1,8.2
7,1,41.99
2,1,115.07
2,1,7.0
2,1,440.02
1,1,27.19
7,1,110.99
22,1,17.19
2,1,59.07
3,1,27.5
9,1,1225.7
7,1,32.55
2,1,563.3100000000001
1,1,323.76
1,1,69.97
2,1,23.99
5,2,182.56
1,1,9.97
3,1,366.72
1,1,79.98
4,1,221.7
9,2,1227.0
1,1,1573.27
1,1,22.57
2,1,19.99
1,1,18.99
1,1,53.54
4,1,19.63
1,1,81.19
3,1,62.16
1,1,28.19
7,1,53.37
9,1,160.06
4,1,25.38
2,1,44.93
2,1,40.59
1,1,35.7
1,1,28.55
2,1,70.58
2,1,35.98
1,1,18.97
1,1,24.19
5,3,1371.6100000000001
1,1,8.0
1,1,28.99
1,1,10.99
1,1,30.98
1,1,20.31
2,1,87.94
1,1,116.65
1,1,23.99
2,1,212.52
2,1,41.98
9,1,735.12
2,1,18.29
2,1,11.99
3,1,24.99
2,1,27.99
1,1,30.38
4,1,124.5
3,1,215.76
1,1,22.0
1,1,15.99
2,1,33.0
2,1,39.99
1,1,21.49
5,2,70.2
7,2,66.37
1,1,40.59
3,1,38.53
3,1,18.19
1,1,33.58
1,1,26.99
7,1,187.0
3,1,29.99
3,1,163.91
1,1,155.65
2,1,33.37
9,2,13.399999999999999
4,1,6.89
1,1,91.95
1,1,113.99
3,1,190.68
1,1,20.96
1,1,19.59
1,1,32.18
2,1,181.68
1,1,14.99
1,1,79.4
2,2,186.68
4,1,301.97
2,1,312.49
5,1,72.86
2,1,29.99
1,1,72.92
5,1,316.4
2,1,51.94
1,1,110.97
3,1,83.99
8,1,101.49
4,2,570.03
1,1,536.55
1,1,20.59
2,1,25.59
2,1,19.59
2,1,424.0
3,1,40.59
7,1,35.19
1,1,79.55
16,2,139.85
1,1,40.99
21,1,68.87
1,1,39.37
5,1,53.79
14,1,576.84
11,1,195.98
2,1,175.54
18,1,85.38
4,1,19.0
4,1,13.39
1,1,22.99
2,1,43.99
1,1,24.99
2,1,118.58
8,1,81.99
2,1,116.57
10,1,48.47
3,1,47.06
3,1,12.03
5,1,17.99
2,1,95.69
2,1,39.92
1,1,13.99
2,2,90.64
4,1,67.58
2,1,53.79
1,1,35.38
1,1,25.99
1,1,42.09
1,1,61.99
1,1,50.98
3,1,28.99
3,1,117.41
4,1,12.99
1,1,41.97
3,1,152.09
2,1,116.6
1,1,64.78
3,1,199.95
7,3,4361.17
4,1,12.98
1,1,30.36
2,1,121.6
1,1,29.88
1,1,99.57
1,1,19.99
2,1,112.71
3,1,94.38
1,1,67.99
3,1,36.38
1,1,17.98
1,1,16.99
4,1,47.2
3,1,108.68
7,1,144.96
1,1,26.54
3,1,36.18
2,1,68.74
14,1,139.65
2,1,62.03
2,1,43.98
1,1,54.67
4,3,3673.8
7,2,515.6500000000001
3,1,616.5
1,1,42.59
3,1,338.11
7,1,58.68
16,2,326.4
2,1,17.59
3,1,71.8
2,1,43.17
5,1,68.99
2,1,75.18
2,1,98.46
2,1,104.94
9,1,45.59
4,2,91.51
1,1,256.8
1,1,16.29
2,1,107.0
11,1,21.55
2,1,66.19
1,1,36.59
1,1,46.9
2,1,35.48
1,1,4.99
1,1,1.2
7,1,47.21
3,1,92.2
1,1,63.99
11,5,2618.03
5,1,43.58
4,1,85.33
8,1,23.08
3,2,287.03
2,1,46.97
2,1,74.18
1,1,87.19
28,9,2342.36
3,1,14.58
2,1,131.54
1,1,20.0
2,1,105.99
3,1,46.98
1,1,35.99
1,1,22.99
2,1,101.38
1,1,54.28
2,2,197.22
1,1,115.75
2,1,172.64
5,1,34.0
4,1,280.8
1,1,29.99
1,1,23.99
1,1,51.1
2,1,22.99
2,1,21.99
3,1,33.19
6,1,31.94
2,1,26.99
4,1,35.74
2,1,24.99
6,1,104.13
3,1,168.23
3,1,17.57
1,1,5.98
7,2,1475.3600000000001
3,1,18.59
13,5,83332.81999999999
3,2,1126.52
2,1,36.59
2,2,88.97
4,1,380.7
1,1,31.39
1,1,117.36
1,1,99.45
1,1,30.88
1,1,30.82
1,1,155.93
2,1,219.7
1,1,11.98
1,1,25.96
5,1,27.3
3,1,113.94
1,1,75.62
1,1,36.59
2,1,64.58
2,1,37.68
4,1,77.52
6,3,202.76999999999998
2,1,89.16
3,1,112.98
2,1,67.4
3,1,66.31
14,4,1128.02
2,1,55.98
3,2,354.9
3,2,37.400000000000006
2,1,203.98
1,1,27.98
5,1,23.99
2,1,24.99
1,1,18.59
1,1,51.95
2,1,254.59
1,1,15.2
5,2,1277.4
2,1,117.98
3,1,37.95
2,1,276.38
1,1,37.48
2,1,36.05
1,1,48.18
1,1,26.99
1,1,98.93
1,1,50.59
3,1,62.56
2,1,33.99
1,1,29.35
1,1,24.19
1,1,19.99
38,2,342.58000000000004
1,1,109.18
4,1,75.39
1,1,72.18
1,1,34.59
10,1,69.7
2,1,117.31
2,1,17.59
1,1,30.98
16,1,30.93
2,1,683.88
2,1,3.2
1,1,32.98
1,1,40.98
1,1,40.31
6,1,137.97
5,1,13.6
3,1,151.12
5,1,45.79
4,1,114.16
1,1,53.37
3,1,107.49
2,1,37.18
1,1,98.58
1,1,38.89
6,1,46.98
2,1,123.16
14,1,602.84
16,1,19.19
1,1,31.99
7,1,236.12
5,2,201.23
1,1,14.99
9,2,94.9
5,1,39.97
1,1,46.77
1,1,159.7
3,1,22.99
12,2,220.36
3,1,59.77
4,1,279.83
2,1,275.0
1,1,64.57
2,1,30.55
4,2,1144.1
1,1,55.68
5,1,16.99
11,1,1314.01
4,1,52.79
2,1,46.79
1,1,112.78
1,1,81.99
18,3,200.45
2,1,125.97
1,1,62.99
1,1,22.39
8,1,9.97
3,1,24.99
7,3,536.92
2,2,55.0
1,1,57.98
5,1,38.38
3,1,778.59
3,1,118.11
1,1,4.98
1,1,199.53
3,1,38.38
4,1,19.97
5,2,122.4
2,1,31.96
2,1,134.97
2,1,14.99
2,1,864.8
1,1,16.99
1,1,27.77
3,1,39.59
1,1,35.38
1,1,28.0
3,1,95.08
2,1,45.37
1,1,37.97
1,1,39.68
3,1,115.36
2,1,7.99
3,1,60.93
4,1,75.16
1,1,22.99
2,1,107.45
2,1,59.99
2,1,47.1
1,1,24.99
1,1,23.77
6,1,21.99
1,1,299.63
1,1,33.98
2,1,33.39
1,1,14.98
1,1,25.99
3,1,90.78
1,1,53.38
1,1,22.99
3,1,20.99
1,1,64.41
1,1,47.99
2,1,17.99
3,1,347.54
3,1,33.19
2,2,203.26
1,1,19.59
5,1,33.78
4,1,341.75
1,1,230.97
1,1,15.98
3,1,47.77
1,1,126.92
2,1,32.48
2,1,28.66
5,2,299.43
8,1,38.59
1,1,32.7
5,1,90.26
2,1,108.94
1,1,87.48
3,1,11.5
4,1,46.76
1,1,34.98
4,1,31.0
3,1,27.99
1,1,178.13
3,1,62.98
2,1,20.5
8,2,120.75999999999999
1,1,25.28
3,1,54.66
3,2,269.12
2,1,22.99
2,1,59.43
5,1,120.92
1,1,95.66
11,3,50.989999999999995
2,1,66.04
1,1,42.98
1,1,42.49
2,1,13.99
2,1,72.17
4,1,25.91
1,1,35.96
2,1,19.59
1,1,65.99
2,1,33.97
2,1,62.52
2,1,26.99
4,1,47.98
4,1,56.02
3,1,90.95
4,1,34.51
11,1,907.19
3,1,12.12
2,1,54.97
2,1,45.48
4,1,48.0
1,1,99.8
1,1,69.18
2,2,51.38
1,1,30.17
1,1,132.78
2,1,123.96
5,1,2204.0
17,3,9241.57
3,1,70.1
1,1,64.85
2,1,59.36
4,1,10.92
1,1,33.97
13,1,106.99
4,1,166.98
7,2,97.12
15,4,485.56
4,1,45.61
2,1,30.03
2,1,295.5
1,1,152.9
3,1,36.97
1,1,90.44
1,1,106.77
1,1,55.67
1,1,329.88
5,1,19.59
1,1,95.15
1,1,19.37
5,1,49.96
3,2,226.26999999999998
4,1,34.95
1,1,469.98
1,1,65.96
1,1,131.29
6,2,552.2
4,1,641.0
2,1,17.99
1,1,23.98
6,1,130.48
2,1,363.3
5,3,612.82
1,1,38.47
1,1,80.3
1,1,10.99
6,1,211.51
2,1,34.58
1,1,51.79
1,1,18.19
2,1,11.5
3,1,36.98
1,1,55.0
2,1,27.48
2,1,11.99
1,1,47.29
18,4,2959.11
1,1,70.45
2,1,56.99
1,1,13.99
3,1,69.74
5,1,76.96
2,1,185.96
2,1,65.65
5,1,8.5
18,2,311.93
2,1,28.57
1,1,37.59
2,1,41.18
2,1,170.74
1,1,17.99
2,1,31.63
1,1,19.99
12,2,587.3
4,1,323.4
5,2,84.91
15,1,265.12
4,1,52.01
4,1,61.97
3,1,268.0
3,1,40.78
1,1,79.23
1,1,109.58
3,1,4.5
7,1,142.98
6,3,2679.44
1,1,20.99
1,1,20.97
1,1,104.0
1,1,68.98
1,1,54.48
1,1,46.37
4,2,551.27
1,1,21.99
2,1,24.99
4,1,66.54
1,1,40.59
6,2,130.95
3,2,34.97
2,1,207.92
3,1,68.97
3,1,15.99
4,1,827.73
1,1,61.35
6,1,30.99
1,1,22.97
8,1,70.92
2,1,112.9
1,1,25.27
3,1,47.81
4,1,3.99
1,1,45.09
3,1,203.56
4,1,107.94
2,1,16.99
1,1,13.98
1,1,31.96
1,1,18.99
3,1,74.85
1,1,28.98
19,7,1398.02
2,1,97.06
4,1,97.26
1,1,48.86
4,1,33.98
2,1,100.63
3,1,8.98
1,1,38.98
2,1,143.37
4,1,4087.5
1,1,64.52
3,1,31.46
1,1,23.19
5,1,80.99
1,1,24.97
4,1,20.2
2,1,107.04
10,1,42.18
1,1,108.99
2,1,19.96
1,1,112.0
2,1,55.96
7,1,46.98
2,1,51.63
19,1,64.72
2,2,43.98
9,1,103.05
5,1,16.63
1,1,41.86
1,1,53.95
2,1,51.96
3,1,23.59
2,1,27.98
2,1,49.38
3,1,154.71
1,1,102.31
2,1,56.99
4,1,25.19
2,1,87.96
6,1,34.38
4,1,384.4
3,1,58.8
1,1,591.27
11,2,124.56
3,2,523.61
2,1,114.98
1,1,16.19
3,1,58.46
3,1,358.79
2,1,59.99
1,1,33.98
2,1,82.42
1,1,21.99
1,1,25.99
4,1,46.97
2,1,37.97
1,1,71.44
2,1,58.99
1,1,5.99
2,1,456.45
3,1,378.92
1,1,60.45
1,1,198.91
2,1,29.26
8,3,479.61
1,1,168.76
6,2,421.04
12,1,112.46
1,1,70.18
3,1,88.9
6,1,26.95
5,1,159.36
1,1,273.96
3,1,165.65
2,1,24.65
1,1,102.36
8,3,207.91
1,1,11.99
1,1,28.2
4,1,24.99
1,1,9.99
4,1,70.4
2,1,16.59
2,1,28.1
9,1,370.73
1,1,18.5
4,1,304.25
5,2,77.18
1,1,20.59
3,1,75.96
5,1,17.99
8,1,42.96
4,1,20.19
2,1,48.79
1,1,18.29
3,1,44.18
2,1,178.39
13,1,33.28
1,1,42.37
1,1,51.57
1,1,59.38
1,1,61.99
2,1,108.3
3,1,6.98
1,1,605.16
2,1,32.97
4,1,66.98
1,1,20.19
3,1,73.08
2,1,14.99
3,1,359.29
1,1,188.05
6,1,53.9
1,1,30.49
5,1,122.85
4,2,591.6
2,1,277.72
4,1,165.28
1,1,22.59
24,3,1936.19
3,1,62.36
3,2,409.52
1,1,273.7
1,1,16.63
3,1,365.0
2,1,25.78
3,1,49.18
6,1,30.58
1,1,42.97
2,1,22.98
5,1,46.77
4,2,63.959999999999994
2,1,236.17
5,1,45.79
1,1,11.56
1,1,421.0
1,1,30.3
6,1,71.92
5,1,59.89
3,3,266.38
1,1,27.97
3,1,680.22
1,1,62.98
2,1,44.14
3,1,25.76
3,1,79.95
7,3,3184.83
4,1,57.6
2,1,23.99
4,1,42.74
1,1,109.78
2,2,182.93
4,1,28.99
1,1,16.19
1,1,46.33
1,1,30.98
1,1,34.59
3,1,34.99
1,1,36.96
2,1,24.49
6,1,68.98
5,1,210.72
9,2,159.5
1,1,47.25
1,1,35.59
5,1,140.32
1,1,40.36
1,1,102.2
1,1,66.98
